ranking_group,location_tag,province,macro_region,area_km2,maximum_irrigation_capacity_people,maximum_land_improvement_capacity_people,maximum_infrastructure_capacity_people,maximum_population_capacity_development_100_people,validation_implausible_leader,validation_large_location_artifact,validation_permafrost_or_wasteland,validation_physically_unsupported_dryland
top,uele_ca,bomokandi_province,central_africa,58240.376615440655,31184.41231155078,4206447.168762928,4237631.581074479,4290631.581074479,true,true,false,false
top,charrua,guenoa_province,south_america,15801.966796013778,30481.0313689957,3358528.97935129,3389010.0107202856,3442010.0107202856,true,false,false,false
top,yi,guenoa_province,south_america,17891.784397572705,16524.639185247965,3351153.647724802,3367678.28691005,3420678.28691005,true,false,false,false
top,yacegua,guenoa_province,south_america,18343.75877916245,36659.52418842781,3194321.4799424326,3230981.0041308603,3268981.0041308603,true,false,false,false
top,arachan,guenoa_province,south_america,19965.030766505857,0.0,3166224.020598992,3166224.020598992,3204224.020598992,true,false,false,false
top,kotto,djemah_province,central_africa,61410.152001931274,148263.0267958091,3001208.53530848,3149471.562104289,3202471.562104289,true,true,false,false
top,isiro,bomokandi_province,central_africa,46787.26213924398,20735.22495052407,2948846.538538282,2969581.763488806,3022581.763488806,true,true,false,false
top,bosobolo,boali_province,central_africa,41401.404345713214,41545.69102602174,2925396.8805916235,2966942.571617645,3019942.571617645,true,true,false,false
top,guatacuba,upper_tocantins_province,south_america,27978.80585648537,15485.092317497087,2957663.8399831755,2973148.9323006724,3011148.9323006724,true,true,false,false
top,bangui,boali_province,central_africa,39384.39592224637,66870.58177001549,2725691.5942231184,2792562.175993134,2845562.175993134,true,true,false,false
top,pahotcha,iowa_province,north_america,13306.128566909001,2492.164825724229,2654749.1854963223,2657241.350322047,2695241.350322047,false,false,false,false
top,nodaway,nodaway_province,north_america,11210.889868890756,100.14493713488326,2570815.1199838794,2570915.264921014,2615915.264921014,false,false,false,false
top,kiosaquay,iowa_province,north_america,11899.51465154753,2742.33483784882,2595578.8570140745,2598321.1918519232,2615321.1918519232,false,false,false,false
top,arraias,upper_tocantins_province,south_america,27405.2235030956,27770.49937557926,2517032.790381523,2544803.2897571023,2582803.2897571023,true,true,false,false
top,iowa,iowa_province,north_america,13941.128245963571,1187.2581427600826,2520371.843457293,2521559.1016000533,2559559.1016000533,false,false,false,false
top,ita_cuara,guenoa_province,south_america,15384.308361063062,21793.88468666918,2492054.656594628,2513848.5412812973,2551848.5412812973,true,false,false,false
top,nudarcha,nodaway_province,north_america,12351.55793265199,4221.438366329971,2435562.29954659,2439783.73791292,2477783.73791292,false,false,false,false
top,dolkabaya,guwevkabaya_province,north_america,16046.05519449923,2341333.451226292,0.0,2341333.451226292,2431333.451226292,false,false,false,false
top,kajkwakratxi,juruena_province,south_america,28691.332368407053,18022.28914010429,2309311.9092062167,2327334.198346321,2365334.198346321,true,true,false,false
top,bomokandi,bomokandi_province,central_africa,33890.20369269222,33923.06501178333,2182392.8690570737,2216315.934068857,2254315.934068857,true,true,false,false
top,apure,apure_province,south_america,25695.00850260507,199218.07636861218,2031822.692620278,2231040.76898889,2250040.76898889,true,true,false,false
top,wimihsoorita,nodaway_province,north_america,10002.308603896126,0.0,2227448.382474826,2227448.382474826,2244448.382474826,false,false,false,false
top,araicuahita,guenoa_province,south_america,14054.82670826193,0.0,2184130.5540254447,2184130.5540254447,2222130.5540254447,false,false,false,false
top,ikuiapa,cuiaba_province,south_america,28018.53387926599,9473.804747850438,2154775.737586919,2164249.54233477,2202249.54233477,false,true,false,false
top,bohan,la_plata_province,south_america,8109.992701525087,3239.6007082558144,2071712.3751398006,2074951.9758480564,2091951.9758480564,false,false,false,false
bottom,kumukh,avaria_province,eastern_europe,1264.9306692732998,0.0,0.0,0.0,7000.0,false,false,false,false
bottom,voikar,voikar_province,north_asia,4344.676427057593,0.0,0.0,0.0,7000.0,false,false,true,false
bottom,kengdey,kuhuur_province,north_asia,2178.8858724069883,0.0,0.0,0.0,7000.0,false,false,true,false
bottom,olekma,upper_lena_province,north_asia,4513.982597962996,0.0,0.0,0.0,7000.0,false,false,true,false
bottom,crepy,beauvaisis_province,western_europe,884.1310096699558,0.0,0.0,0.0,7000.0,false,false,false,false
bottom,tuyandina,north_yandin_province,north_asia,1932.476172919069,0.0,0.0,0.0,7000.0,false,false,true,false
bottom,vilyuychan,tuyodakh_province,north_asia,7409.07082156555,0.0,0.0,0.0,7000.0,false,false,true,false
bottom,rabor,jiroft_province,middle_east,2350.771937700208,0.0,0.0,0.0,7000.0,false,false,false,false
bottom,shimushiru,chishima_province,east_asia,351.0105877160159,0.0,0.0,0.0,7000.0,false,false,false,false
bottom,nunalla,wapusk_province,north_america,3996.306525907709,0.0,0.0,0.0,7000.0,false,false,true,false
bottom,amga,amga_province,north_asia,4694.199668983966,0.0,0.0,0.0,7000.0,false,false,false,false
bottom,ika_nepa,tokma_province,north_asia,6726.836841486144,0.0,0.0,0.0,7000.0,false,false,true,false
bottom,siktyakh,kuhuur_province,north_asia,2626.486023560127,0.0,0.0,0.0,7000.0,false,false,true,false
bottom,al_khuraybah,hadramawt_province,middle_east,4376.903078023767,0.0,0.0,0.0,7000.0,false,false,false,false
bottom,kele,sangaar_province,north_asia,3294.7849425685104,0.0,0.0,0.0,7000.0,false,false,false,false
bottom,sandnes,vestribygd,western_europe,1228.0511752224088,0.0,0.0,0.0,7000.0,false,false,true,false
bottom,shamiram,daylam_province,middle_east,2521.987862098925,0.0,0.0,0.0,7000.0,false,false,false,false
bottom,bojano,molise_province,western_europe,1346.1264085929695,0.0,0.0,0.0,7000.0,false,false,false,false
bottom,ostrov_beringa,east_itelmen_province,north_asia,1365.5960561418794,0.0,0.0,0.0,7000.0,false,false,false,false
bottom,tinnaya,eastern_sym_province,north_asia,4325.466372788895,0.0,0.0,0.0,7000.0,false,false,true,false
bottom,niyaj,wichi_province,south_america,9881.511740345184,0.0,0.0,0.0,7000.0,false,false,false,false
bottom,ust_mil,ayan_mai_province,north_asia,5479.325912113191,0.0,0.0,0.0,7000.0,false,false,true,false
bottom,erbach,odenwald_province,western_europe,586.2426203251628,0.0,0.0,0.0,7000.0,false,false,false,false
bottom,tokuma,bagatai_province,north_asia,3291.603037967105,0.0,0.0,0.0,7000.0,false,false,true,false
bottom,salban,lungxa_province,north_asia,5080.092245998073,0.0,0.0,0.0,7000.0,false,false,true,false
