From;To;Type;Through;start_x;start_y;stop_x;stop_y;Comment
messina;reggiocal;sea;strait_messina;8396;5518;8404;5519;xxx
krk;crikvenica;sea;kvarner_gulf;8359;5959;8363;5964;xxx
pag;kaseg;sea;kvarner_gulf;8372;5925;8375;5927;xxx
pag;pazin;sea;kvarner_gulf;8342;5962;8338;5964;xxx
pag;senj;sea;kvarner_gulf;8366;5938;8370;5938;xxx
brac;makarska;sea;korcula_strait;8470;5835;8472;5839;xxx
corfu;butrint;sea;coast_corfu;8599;5622;8602;5622;xxx
leukas;vonitsa;sea;ambracian_gulf;8633;5565;8636;5565;xxx
patras;nafpaktos;sea;gulf_corinth;8687;5535;8687;5538;xxx
kos;bodrum;sea;ceramic_gulf;8935;5446;8942;5453;xxx
samos;balat;sea;gulf_kusadasi;8922;5497;8922;5495;xxx
andros;mykonos;sea;west_cyclades;8827;5496;8829;5494;xxx
athens;karystos;sea;petalion_gulf;8787;5526;8789;5528;xxx
oreos;atalanti;sea;euboic_sea;8735;5566;8734;5562;xxx
oreos;zetounion;sea;euboic_sea;8732;5568;8731;5570;xxx
oreos;demetrias;sea;euboic_sea;8743;5575;8741;5578;xxx
demetrias;sporades;sea;gulf_kymi;8754;5587;8757;5586;xxx
gallipoli;canakkale;sea;dardanelles;8892;5651;8894;5650;xxx
gallipoli;lapseki;sea;dardanelles;8905;5664;8907;5662;xxx
chios;cesme;sea;gulf_smyrna;8881;5538;8889;5536;xxx
constantinople;uskudar;sea;gulf_izmit;9012;5708;9019;5708;xxx
kalay;enice;sea;dniester_estuary;9272;6007;9278;6009;xxx
ajim;medenine;sea;gulf_gabes1;8181;5255;8180;5253;xxx
ajim;zarzis;sea;gulf_gabes1;8187;5250;8189;5248;xxx
gambia;albreda;sea;gambia_river_mouth;6934;4089;6938;4091;xxx
bintang;albreda;sea;gambia_river_mouth;6950;4081;6948;4084;xxx
bissau;rio_grande;sea;geba_estuary;6998;4004;6998;4001;xxx
eko;ikosi;sea;lagos_lagoon;7845;3700;7848;3700;xxx
hormuz;bandar_khamir;sea;strait_hormuz;10229;4855;10229;4857;xxx
quban;hendijan;sea;iranian_bay;9934;5048;9936;5048;xxx
barguna;shahbazpur;sea;indian_coast62;11801;4568;11803;4568;xxx
thalang;takua_pa;sea;phuket_coast;12166;3796;12165;3798;xxx
johor_lama;temasek;sea;eastern_singapore_strait;12417;3429;12417;3426;xxx
bengkalis;siak;sea;western_singapore_strait;12365;3391;12365;3388;xxx
bengkalis;buantan;sea;inner_strait_malacca;12346;3411;12343;3411;xxx
musi_hilir;lalan;sea;bangka_strait;12464;3221;12462;3223;xxx
balambangan;julah;sea;bali_strait;12898;2900;12900;2900;xxx
bangkalan;surabaya;sea;madura_strait;12823;2953;12823;2951;xxx
bangkalan;gresik;sea;madura_strait;12821;2953;12819;2953;xxx
bangkalan;tuban_java;sea;madura_strait;12820;2959;12818;2959;xxx
larantuka;lamakera;sea;alor_strait;13290;2890;13292;2890;xxx
kimaama;yelmek;sea;digul_mouth;14016;2931;14016;2934;xxx
kimaama;marlew;sea;digul_mouth;14016;2918;14019;2918;xxx
bitur;gogodala;sea;purutu_island;14188;2889;14190;2891;xxx
duau;moratau;sea;goodenough_bay;14553;2812;14554;2814;xxx
nidula;moratau;sea;fergusson_island;14535;2831;14538;2831;xxx
tinputz;buka;sea;matchin_bay;14729;3048;14729;3050;xxx
kolombangara;roviana;sea;vella_gulf;14843;2900;14843;2898;xxx
sakao;tamambo;sea;lasenuwei_bay;15300;2484;15300;2482;xxx
sigam;cantung;sea;laut_strait;12978;3166;12978;3168;xxx
sigam;pagatan;sea;laut_strait;12974;3154;12971;3154;xxx
limasawa;pangasugan;sea;leyte_gulf;13387;3907;13386;3908;xxx
limasawa;surigao;sea;leyte_gulf;13408;3887;13406;3885;xxx
xiangshan;fenghua;sea;sanmen_bay;13231;5006;13229;5009;xxx
luoyuan;changshi;sea;sansha_bay;13142;4831;13146;4832;xxx
huian;putian;sea;xinghua_bay;13105;4754;13108;4755;xxx
dinghai;changguo;sea;hangzhou_bay;13235;5030;13238;5033;xxx
chongming;haimen;sea;yantze_estuary;13212;5143;13212;5146;xxx
changshu;jinghai_tongzhou;sea;yantze_estuary;13196;5137;13196;5141;xxx
changshu;rugao;sea;yantze_estuary;13180;5151;13180;5154;xxx
lingshanwei;fushan_jiaozhou;sea;jiaozhou_bay;13167;5392;13167;5396;xxx
jimo;dasong;sea;daqiao_bay;13197;5425;13197;5428;xxx
baekcheon;inju;sea;kanghwa_bay;13433;5500;13436;5500;xxx
seosan;boryeong;sea;cheonsu_bay;13446;5415;13449;5416;xxx
jindo;muan;sea;yangsan_bay;13431;5317;13431;5320;xxx
haenam;jindo;sea;yangsan_bay;13444;5305;13442;5303;xxx
hadong;namhae;sea;sacheon_bay;13511;5329;13513;5327;xxx
sacheon;namhae;sea;sacheon_bay;13520;5328;13519;5325;xxx
sacheon;geoje;sea;masan_bay;13539;5332;13542;5330;xxx
hamaroy;trondenes;sea;vestfjord;8446;7626;8446;7630;xxx
orkdal;orland;sea;trondheim_fjord;8141;7240;8145;7243;xxx
nordhordland;sunnfjord;sea;sogne_fjord;7928;7060;7929;7064;xxx
vik;sogndal;sea;sogne_fjord;7985;7061;7984;7064;xxx
bergen;nordhordland;sea;fens_fjord;7925;7010;7925;7012;xxx
haugalandet;moster;sea;hardanger_fjord;7940;6959;7938;6963;xxx
helsingor;helsingborg;sea;oresund;8264;6698;8268;6700;xxx
falster;vordingborg;sea;stora_balt;8234;6619;8234;6623;xxx
falster;navskov;sea;stora_balt;8226;6615;8224;6615;xxx
assens;kolding;sea;stora_balt;8139;6662;8137;6665;xxx
soderkoping;kolmarden;sea;braviken;8452;6880;8452;6882;xxx
rugen;grimmen;sea;pommeranian_coast;8296;6572;8295;6570;xxx
rugen;stralsund;sea;pommeranian_coast;8290;6577;8289;6575;xxx
aalborg;skagen;sea;limfjorden;8148;6761;8148;6763;xxx
aalborg;hjorring;sea;limfjorden;8145;6762;8144;6764;xxx
ars;thisted;sea;limfjorden;8112;6757;8112;6760;xxx
viborg;thisted;sea;limfjorden;8096;6745;8093;6748;xxx
ringkobing;thisted;sea;limfjorden;8078;6733;8079;6737;xxx
neuhaus;heide;sea;elbe_estuary;8106;6545;8106;6547;xxx
elsfleth;gestenthorpe;sea;jade_bay;8079;6521;8082;6521;xxx
appingedam;emden;sea;emms_estuary;8012;6506;8012;6509;xxx
middelburg;rotterdam;sea;rhine_estuary;7875;6395;7877;6398;xxx
hulst;middelburg;sea;scheldt_estuary;7874;6376;7876;6378;xxx
bruges;middelburg;sea;scheldt_estuary;7851;6377;7853;6380;xxx
chateaulin;brest;sea;ushant;7483;6171;7483;6173;xxx
oleron;la_rochelle;sea;ile_de_re;7633;6029;7635;6029;xxx
oleron;rochefort;sea;ile_de_re;7636;6009;7638;6009;xxx
lesparre_medoc;libourne;sea;gironde;7656;5972;7660;5972;xxx
coruna;ferrol;sea;rias_altas;7312;5852;7313;5855;xxx
niebla;sanlucar;sea;bay_of_cadiz;7400;5445;7404;5445;xxx
wight;lymington;sea;solent;7625;6331;7625;6334;xxx
wight;portsmouth;sea;solent;7637;6331;7637;6335;xxx
rochester;prittlewell;sea;thames;7714;6381;7714;6384;xxx
st_andrews;dundee;sea;firth_of_tay;7559;6723;7559;6727;xxx
skye;ardtornish;sea;north_minch;7424;6782;7428;6782;xxx
mull;ardtornish;sea;firth_of_lorne;7425;6730;7425;6732;xxx
islay;inverary;sea;firth_of_lorne;7431;6708;7433;6708;xxx
kintyre;arran;sea;clyde_firth;7441;6670;7445;6670;xxx
kintyre;cowal;sea;clyde_firth;7445;6683;7448;6684;xxx
cockermouth;dumfries;sea;solway_firth;7542;6620;7542;6622;xxx
chester;liverpool;sea;liverpool_bay;7552;6514;7555;6514;xxx
anglesey;conwy;sea;liverpool_bay;7503;6504;7504;6501;xxx
anglesey;carnarvon;sea;dublin_bay;7493;6496;7495;6494;xxx
aberystwyth;harlech;sea;cardigan_bay;7506;6452;7506;6455;xxx
monmouth;bristol;sea;severn;7568;6391;7570;6389;xxx
moyarta;tralee;sea;shannon_estuary;7249;6459;7251;6456;xxx
adare;moyarta;sea;shannon_estuary;7270;6457;7270;6460;xxx
inishowen;coleraine;sea;lough_foyle;7371;6638;7373;6636;xxx
dundalk;iveagh;sea;dundalk_bay;7411;6555;7413;6557;xxx
paramushiru;shumushu;sea;lopatka_cape;14798;6330;14800;6330;xxx
awa_shikoku;awaji;sea;east_seto_sea;13818;5285;13820;5287;xxx
akashi;awaji;sea;east_seto_sea;13836;5310;13836;5307;xxx
kaisou;awaji;sea;east_seto_sea;13837;5289;13833;5289;xxx
ochi;toyota;sea;central_seto_sea;13744;5289;13744;5292;xxx
nakatsu;toyoura;sea;shimonoseki_strait;13649;5265;13649;5267;xxx
kagoshima;kimotsuki;sea;sata_cape;13634;5128;13637;5128;xxx
amakusa;izumi_satsuma;sea;amakusa_sea;13609;5163;13612;5163;xxx
amakusa;akita_kumamoto;sea;shimabara_bay;13627;5187;13629;5188;xxx
amakusa;takaki;sea;shimabara_bay;13616;5184;13616;5188;xxx
nishisonogi;higashisonogi;sea;oomura_bay;13594;5217;13594;5219;xxx
qikiqtagruk;nuurvik;sea;hotham_inlet;303;7508;303;7514;xxx
aguyaq;igiugig;sea;kvichak_bay;548;6908;548;6906;xxx
caniqaq;nuciiq;sea;hinchinbrook_bay;938;6992;942;6992;xxx
nuciiq;taatiilaaq;sea;hinchinbrook_bay;1054;7023;1058;7023;xxx
yakataga;yaakwdaat;sea;yakutat_bay;1334;6977;1336;6974;xxx
xutsnoowu;t_aaku;sea;funter_bay;1567;6849;1567;6853;xxx
saanya;gitxsanimaax;sea;lax_kw_alaams;1766;6620;1770;6618;xxx
saanya;sm_algyax;sea;lax_kw_alaams;1757;6610;1760;6606;xxx
heiltsuk;oweekeno;sea;hakai_coast;1864;6402;1864;6398;xxx
tanakteuk;ma_amtagila;sea;beaver_cove;1935;6317;1935;6314;xxx
tanakteuk;k_omoks;sea;haro_strait;1977;6309;1977;6306;xxx
k_omoks;homalco;sea;haro_strait;1990;6311;1992;6311;xxx
k_omoks;klahoose;sea;haro_strait;1999;6297;2002;6297;xxx
twana;duwamish;sea;kitsap_bay;2119;6110;2125;6110;xxx
mewuk;awaswas;sea;san_francisco_bay;2116;5504;2118;5502;xxx
puna;guancavilca;sea;huancavilca_gulf;4041;3196;4038;3197;xxx
puna;guayaquil;sea;huancavilca_gulf;4049;3199;4051;3202;xxx
ancud;caurakawin;sea;coronado_gulf;4342;941;4342;946;xxx
saelam;jautok;sea;fajokstai_channel;4297;555;4297;558;xxx
kcewite;kelaelkces;sea;concepcion_channel;4305;377;4305;374;xxx
kolser;ciaike;sea;lomas_bay;4525;239;4522;242;xxx
carapachay;ombu;sea;uruguay_river;5029;1429;5032;1429;xxx
carapachay;yaros;sea;uruguay_river;5027;1450;5032;1450;xxx
cangucu;carijo;sea;patos_lagoon;5318;1545;5322;1543;xxx
icabaqua;tapes;sea;patos_lagoon;5364;1638;5368;1638;xxx
arua_amazon;curumu;sea;vieira_grande_bay;5367;3312;5367;3309;xxx
mariocai;curumu;sea;vieira_grande_bay;5360;3290;5363;3290;xxx
mazagao;arua_amazon;sea;santana_island;5348;3322;5351;3322;xxx
wayampi;mariocai;sea;fura_dos_araiolos;5327;3275;5330;3275;xxx
bani_cuba;sagua;sea;nipe_bay;4252;4502;4254;4501;xxx
kiawah;wando;sea;port_royal_sound;4055;5195;4057;5197;xxx
nansemond;kiskiack;sea;lower_chesapeake_bay;4219;5451;4217;5454;xxx
werowocomoco;wicocomico;sea;lower_chesapeake_bay;4212;5490;4212;5493;xxx
minguannan;cohansey;sea;delaware_bay;4249;5606;4253;5606;xxx
minguannan;tetamekanch;sea;delaware_bay;4248;5615;4252;5615;xxx
massapequa;manhattan;sea;raritan_bay;4326;5686;4329;5686;xxx
pemetic;majabigwaduce;sea;schoodic_ridge;4582;5917;4582;5920;xxx
passamaquoddy;grand_manan;sea;grand_manan_basin;4640;5944;4643;5944;xxx
petitcodiac;maccan;sea;chignecto_bay;4758;6006;4761;6005;xxx
jijkwtuk;maccan;sea;minas_basin;4760;5975;4760;5979;xxx
canso;apaqtukowatek;sea;strait_of_canso;4900;5989;4900;5991;xxx
canso;qospemk;sea;strait_of_canso;4895;5994;4898;5994;xxx
antigonish;qospemk;sea;strait_of_canso;4893;5997;4896;5997;xxx
pogomeg;paspebiac;sea;chaleur_bay;4669;6154;4669;6157;xxx
ahwendoe;etchemin;sea;mouth_of_saint_lawrence;4459;6076;4459;6073;xxx
ahwendoe;kikonteku;sea;mouth_of_saint_lawrence;4456;6075;4456;6072;xxx
ahwendoe;ondaonnentakwi;sea;mouth_of_saint_lawrence;4457;6078;4456;6080;xxx
nikahionhwakowa;cataraqui;sea;bay_of_quinte;4222;5901;4219;5903;xxx
mackinac;manitoulin;sea;northern_lake_huron;3890;6014;3892;6014;xxx
wemitigoj;manitoulin;sea;cunningham_point;3966;6022;3963;6018;xxx
navskov;svendborg;sea;lilla_balt;8194;6617;8185;6620;xxx
wolgast;swinousjcie;sea;pommeranian_coast;8320;6555;8320;6557;xxx
swinousjcie;kamien;sea;pommeranian_coast;8359;6549;8361;6549;xxx
mestre;venice;sea;gulf_venice;8252;5986;8254;5984;xxx
senja;bardodalen;sea;senja_island;8508;7694;8511;7694;xxx
abdas;al_madar;sea;pp_nav_00538;9837;5134;9839;5134;River navigation crossing
abrahamtelke;adony;sea;pp_nav_00352;8551;6094;8549;6092;River navigation crossing
abrahamtelke;fehervar;sea;pp_nav_00337;8553;6102;8551;6100;River navigation crossing
adony;solt;sea;pp_nav_00352;8550;6090;8552;6088;River navigation crossing
agaes;lanagashec;sea;pp_nav_00802;5043;1864;5041;1862;River navigation crossing
agen;bazas;sea;pp_nav_00412;7708;5908;7706;5906;River navigation crossing
agen;lectoure;sea;pp_nav_00416;7713;5907;7713;5905;River navigation crossing
akhmim;asyut;sea;pp_nav_00620;9124;4856;9122;4854;River navigation crossing
akhmim;el_balyana;sea;pp_nav_00620;9128;4846;9126;4844;River navigation crossing
al_madar;basra;sea;pp_nav_00554;9852;5094;9850;5092;River navigation crossing
al_tib;abdas;sea;pp_nav_00538;9832;5146;9834;5144;River navigation crossing
al_tib;wasit;sea;pp_nav_00530;9813;5183;9811;5181;River navigation crossing
ambaca;calumbo;sea;pp_nav_00788;8313;2840;8311;2838;River navigation crossing
ambaca;dondo;sea;pp_nav_00789;8338;2817;8340;2817;River navigation crossing
ambaca;muxima;sea;pp_nav_00789;8325;2828;8323;2826;River navigation crossing
amersfoort;tiel;sea;pp_nav_00231;7927;6417;7925;6415;River navigation crossing
amyint;pinya;sea;pp_nav_00683;12033;4558;12035;4556;River navigation crossing
amyint;talok;sea;pp_nav_00684;12029;4541;12031;4539;River navigation crossing
an_nil;dayr_aqul;sea;pp_nav_00525;9740;5203;9742;5203;River navigation crossing
ancuase;chiramba;sea;pp_nav_00792;9242;2429;9242;2427;River navigation crossing
ancuase;massangano;sea;pp_nav_00791;9226;2444;9224;2442;River navigation crossing
ancuase;sena;sea;pp_nav_00794;9285;2389;9283;2387;River navigation crossing
ancuase;tete;sea;pp_nav_00791;9212;2464;9210;2462;River navigation crossing
andawaohie;wachilmezi;sea;pp_nav_00355;4417;6061;4417;6059;River navigation crossing
angermunde;chojna;sea;pp_nav_00193;8338;6486;8340;6484;River navigation crossing
angers;beaupreau;sea;pp_nav_00345;7652;6111;7650;6109;River navigation crossing
angers;passavant;sea;pp_nav_00345;7656;6110;7654;6108;River navigation crossing
anilco;quigualtam;sea;pp_nav_00516;3543;5265;3545;5263;River navigation crossing
anilco;taposa;sea;pp_nav_00512;3555;5284;3557;5282;River navigation crossing
antwerp;sint_niklaas;sea;pp_nav_00255;7889;6362;7887;6360;River navigation crossing
ardatov;kasimov;sea;pp_nav_00157;9591;6634;9589;6632;River navigation crossing
arkhangelsk;kholmogory;sea;pp_nav_00014;9554;7315;9552;7313;River navigation crossing
arnhem;nijmegen;sea;pp_nav_00232;7948;6415;7950;6413;River navigation crossing
arnhem;tiel;sea;pp_nav_00232;7947;6415;7945;6413;River navigation crossing
ashmunayn;el_buwit;sea;pp_nav_00613;9094;4896;9096;4894;River navigation crossing
ashmunayn;tahna;sea;pp_nav_00613;9094;4915;9096;4913;River navigation crossing
asni;banda;sea;pp_nav_00635;11357;4790;11355;4788;River navigation crossing
asni;rath;sea;pp_nav_00635;11356;4796;11354;4794;River navigation crossing
assereniet;cuttawba;sea;pp_nav_00456;3836;5586;3834;5584;River navigation crossing
assereniet;eskalapia;sea;pp_nav_00457;3874;5563;3874;5561;River navigation crossing
asvieja;braslaw;sea;pp_nav_00149;8938;6682;8936;6680;River navigation crossing
asvieja;miory;sea;pp_nav_00149;8947;6680;8949;6678;River navigation crossing
atfih;beni_suef;sea;pp_nav_00603;9113;5004;9111;5002;River navigation crossing
atfih;giza;sea;pp_nav_00588;9116;5017;9114;5015;River navigation crossing
atiya;shahjadpur;sea;pp_nav_00658;11775;4729;11773;4727;River navigation crossing
avaes;lanagashec;sea;pp_nav_00803;5027;1834;5025;1832;River navigation crossing
avignon;uzes;sea;pp_nav_00419;7910;5895;7908;5893;River navigation crossing
bacs;ilok;sea;pp_nav_00374;8562;5976;8560;5974;River navigation crossing
bacs;sremska_mitrovica;sea;pp_nav_00379;8577;5971;8579;5969;River navigation crossing
bacs;vukovar;sea;pp_nav_00374;8553;5987;8551;5985;River navigation crossing
bage;macon;sea;pp_nav_00356;7915;6048;7913;6046;River navigation crossing
baja_hungary;tolna;sea;pp_nav_00358;8552;6037;8550;6035;River navigation crossing
bakusaya;wasit;sea;pp_nav_00528;9793;5190;9791;5188;River navigation crossing
baling;jianli;sea;pp_nav_00600;12830;5003;12832;5001;River navigation crossing
ballia;arrah;sea;pp_nav_00641;11528;4784;11530;4782;River navigation crossing
ballia;buxar;sea;pp_nav_00641;11518;4784;11520;4782;River navigation crossing
barpeta;goalpara;sea;pp_nav_00631;11823;4812;11821;4810;River navigation crossing
barpeta;guwahati;sea;pp_nav_00632;11831;4813;11833;4811;River navigation crossing
basra;hoveyzeh;sea;pp_nav_00554;9851;5090;9853;5090;River navigation crossing
basra;muhammerah;sea;pp_nav_00554;9864;5073;9866;5071;River navigation crossing
bavaria_regen;landau;sea;pp_nav_00303;8277;6207;8279;6205;River navigation crossing
baxian;banan;sea;pp_nav_00598;12540;5010;12542;5008;River navigation crossing
beaujeu;trevoux;sea;pp_nav_00363;7907;6024;7909;6022;River navigation crossing
beaujeu;villars;sea;pp_nav_00363;7907;6018;7909;6016;River navigation crossing
belgrad;petrovaradin;sea;pp_nav_00403;8612;5934;8614;5934;River navigation crossing
beljamen;bykovo;sea;pp_nav_00294;9738;6234;9740;6232;River navigation crossing
beljamen;kremenskaya;sea;pp_nav_00299;9685;6230;9685;6228;River navigation crossing
beljamen;srednyaya_akhtuba;sea;pp_nav_00294;9729;6212;9731;6212;River navigation crossing
benauges;bazas;sea;pp_nav_00404;7685;5928;7687;5926;River navigation crossing
benauges;belin;sea;pp_nav_00404;7674;5936;7672;5934;River navigation crossing
benauges;bordeaux;sea;pp_nav_00393;7666;5955;7664;5953;River navigation crossing
benfeld;hachberg;sea;pp_nav_00315;8035;6158;8037;6156;River navigation crossing
benfeld;offenburg;sea;pp_nav_00315;8040;6168;8042;6168;River navigation crossing
beni_suef;sharuna;sea;pp_nav_00603;9107;4982;9109;4980;River navigation crossing
bensheim;neustadt_an_der_haardt;sea;pp_nav_00280;8074;6259;8072;6257;River navigation crossing
bensheim;worms;sea;pp_nav_00280;8073;6260;8071;6258;River navigation crossing
bergerac;sauveterre_de_guyenne;sea;pp_nav_00400;7694;5945;7692;5943;River navigation crossing
bhadohi;kantit;sea;pp_nav_00653;11438;4759;11436;4757;River navigation crossing
bhadohi;shankargah;sea;pp_nav_00647;11420;4767;11418;4765;River navigation crossing
bijni;goalpara;sea;pp_nav_00631;11806;4813;11808;4811;River navigation crossing
bikrampur;chandpur;sea;pp_nav_00670;11813;4651;11815;4651;River navigation crossing
bikrampur;fathabad;sea;pp_nav_00666;11779;4676;11777;4674;River navigation crossing
bikrampur;pabna;sea;pp_nav_00666;11773;4681;11771;4679;River navigation crossing
bikrampur;qasba;sea;pp_nav_00670;11809;4650;11807;4648;River navigation crossing
bjelovar;sisak;sea;pp_nav_00370;8432;5999;8430;5997;River navigation crossing
bo_hai_khau;thien_truong;sea;pp_nav_00686;12526;4485;12524;4483;River navigation crossing
bodrog;mohacs;sea;pp_nav_00365;8546;6018;8544;6016;River navigation crossing
boguchar;veesky;sea;pp_nav_00276;9554;6271;9556;6269;River navigation crossing
bolghar;tetyushi;sea;pp_nav_00164;9917;6618;9915;6616;River navigation crossing
bolshoy_yugan;megion;sea;pp_nav_00048;11141;7060;11139;7058;River navigation crossing
borgloon;maastricht;sea;pp_nav_00253;7951;6345;7953;6343;River navigation crossing
bracciano;rome;sea;pp_nav_00431;8258;5761;8260;5759;River navigation crossing
bracciano;sabina;sea;pp_nav_00431;8260;5765;8262;5763;River navigation crossing
brandenburg;jerichow;sea;pp_nav_00204;8248;6469;8246;6467;River navigation crossing
brandenburg;treuenbrietzen;sea;pp_nav_00208;8259;6445;8259;6443;River navigation crossing
brass;cabo_formoso;sea;pp_nav_00761;7968;3594;7966;3592;River navigation crossing
bratislava;magyarovar;sea;pp_nav_00325;8466;6160;8468;6158;River navigation crossing
bree;roermond;sea;pp_nav_00253;7953;6353;7955;6351;River navigation crossing
bremen;delmenhorst;sea;pp_nav_00197;8082;6498;8080;6496;River navigation crossing
bremen;hoya;sea;pp_nav_00197;8093;6490;8091;6488;River navigation crossing
brie_comte_robert;corbeil;sea;pp_nav_00312;7800;6201;7798;6199;River navigation crossing
brie_comte_robert;paris;sea;pp_nav_00307;7799;6203;7797;6201;River navigation crossing
buda;abrahamtelke;sea;pp_nav_00337;8557;6111;8559;6109;River navigation crossing
buda;pest;sea;pp_nav_00337;8557;6112;8559;6110;River navigation crossing
burg;calbe;sea;pp_nav_00225;8226;6420;8224;6418;River navigation crossing
burg;magdeburg;sea;pp_nav_00225;8223;6425;8221;6423;River navigation crossing
bydgoszcz;chelmno;sea;pp_nav_00192;8517;6496;8519;6494;River navigation crossing
bykovo;kamyshin;sea;pp_nav_00281;9757;6279;9755;6277;River navigation crossing
cairo;giza;sea;pp_nav_00588;9114;5034;9112;5032;River navigation crossing
calafat;archar;sea;pp_nav_00420;8733;5881;8731;5879;River navigation crossing
calafat;lom;sea;pp_nav_00420;8742;5879;8744;5877;River navigation crossing
calli;bolghar;sea;pp_nav_00158;9972;6654;9974;6652;River navigation crossing
calli;cukataw;sea;pp_nav_00158;9977;6654;9979;6652;River navigation crossing
captina;wihlink;sea;pp_nav_00443;4013;5641;4015;5639;River navigation crossing
casalmaggiore;guastalla;sea;pp_nav_00394;8175;5952;8177;5950;River navigation crossing
casalmaggiore;parma;sea;pp_nav_00394;8166;5954;8164;5952;River navigation crossing
casqui;chucalissa;sea;pp_nav_00505;3599;5370;3601;5368;River navigation crossing
casqui;hatchie;sea;pp_nav_00502;3611;5395;3611;5393;River navigation crossing
cegani;cernavoda;sea;pp_nav_00406;8960;5908;8960;5906;River navigation crossing
cegani;drastar;sea;pp_nav_00415;8937;5900;8935;5898;River navigation crossing
chai_nat;phraek;sea;pp_nav_00713;12247;4189;12245;4187;River navigation crossing
chakangrao;phayuhakhiri;sea;pp_nav_00705;12254;4226;12256;4224;River navigation crossing
chalninsky_pochinok;yelabuga;sea;pp_nav_00147;10074;6681;10072;6679;River navigation crossing
chamo;sena;sea;pp_nav_00794;9289;2380;9287;2378;River navigation crossing
chandpur;qasba;sea;pp_nav_00670;11816;4644;11814;4642;River navigation crossing
chandrabad;dubrajpur;sea;pp_nav_00667;11706;4684;11704;4682;River navigation crossing
chandrabad;ilambazar;sea;pp_nav_00667;11707;4677;11705;4675;River navigation crossing
changshou_changshou;banan;sea;pp_nav_00599;12561;5022;12563;5020;River navigation crossing
chastye;osa;sea;pp_nav_00117;10192;6779;10194;6777;River navigation crossing
chateaubriant;beaupreau;sea;pp_nav_00345;7647;6111;7649;6109;River navigation crossing
chaumont_vexin;montmorency;sea;pp_nav_00301;7784;6216;7786;6214;River navigation crossing
cherdakly;pokrovskoye;sea;pp_nav_00179;9901;6568;9899;6566;River navigation crossing
cherdakly;simbirsk;sea;pp_nav_00179;9898;6572;9896;6570;River navigation crossing
cherohenaka_nc;wiccacon;sea;pp_nav_00501;4161;5416;4163;5414;River navigation crossing
chindre;chupanga;sea;pp_nav_00797;9322;2343;9320;2341;River navigation crossing
chindre;cuama;sea;pp_nav_00797;9330;2332;9328;2330;River navigation crossing
chioggia;rovigo;sea;pp_nav_00387;8244;5964;8242;5962;River navigation crossing
chipata;pantagoras;sea;pp_nav_00756;4307;3703;4305;3701;River navigation crossing
chitrakuta;prayag;sea;pp_nav_00651;11385;4769;11387;4767;River navigation crossing
chojna;freienwalde;sea;pp_nav_00201;8338;6473;8336;6471;River navigation crossing
chojna;lebus;sea;pp_nav_00201;8350;6462;8350;6460;River navigation crossing
chowanoke;pocosin;sea;pp_nav_00504;4188;5387;4190;5385;River navigation crossing
chucalissa;pacaha;sea;pp_nav_00508;3593;5346;3591;5344;River navigation crossing
chudovo;gruzino;sea;pp_nav_00076;9141;6923;9143;6921;River navigation crossing
chudovo;soltsy_kirishi;sea;pp_nav_00076;9141;6933;9143;6931;River navigation crossing
chunar;varanasi;sea;pp_nav_00648;11478;4769;11476;4767;River navigation crossing
chyormoz;dobryanka;sea;pp_nav_00086;10246;6888;10248;6886;River navigation crossing
ciechanow;gabin;sea;pp_nav_00216;8601;6447;8599;6445;River navigation crossing
ciechanow;sochaczew;sea;pp_nav_00216;8612;6445;8614;6443;River navigation crossing
coblenz;mayen;sea;pp_nav_00270;8032;6309;8032;6307;River navigation crossing
cochem;castellaun;sea;pp_nav_00270;8026;6296;8024;6294;River navigation crossing
corabia;gigen;sea;pp_nav_00425;8802;5874;8804;5872;River navigation crossing
corabia;lom;sea;pp_nav_00423;8777;5878;8775;5876;River navigation crossing
corabia;oryahovo;sea;pp_nav_00423;8781;5875;8779;5873;River navigation crossing
corbeil;melun;sea;pp_nav_00312;7803;6189;7805;6187;River navigation crossing
coria_del_rio;sevilla;sea;pp_nav_00491;7414;5468;7416;5466;River navigation crossing
cremona;fiorenzuola;sea;pp_nav_00388;8137;5962;8139;5960;River navigation crossing
cremona;parma;sea;pp_nav_00394;8161;5955;8159;5953;River navigation crossing
cremona;sandonnino;sea;pp_nav_00388;8152;5957;8150;5955;River navigation crossing
curumanao;norosi;sea;pp_nav_00746;4328;3838;4326;3836;River navigation crossing
cuttawba;oheyandewa;sea;pp_nav_00456;3830;5579;3828;5577;River navigation crossing
damanhur;menouf;sea;pp_nav_00548;9090;5090;9092;5088;River navigation crossing
damietta;mansoura;sea;pp_nav_00549;9121;5101;9123;5099;River navigation crossing
dangtu;hezhou_he;sea;pp_nav_00539;13080;5129;13078;5127;River navigation crossing
dantu;taixing;sea;pp_nav_00532;13146;5162;13148;5162;River navigation crossing
darmstadt;mainz;sea;pp_nav_00280;8068;6280;8066;6278;River navigation crossing
darmstadt;oppenheim;sea;pp_nav_00280;8071;6278;8069;6276;River navigation crossing
darmstadt;worms;sea;pp_nav_00280;8075;6270;8073;6268;River navigation crossing
daugavpils;kraslava;sea;pp_nav_00134;8889;6700;8891;6700;River navigation crossing
dayr_aqul;numaniyyah;sea;pp_nav_00525;9759;5189;9757;5187;River navigation crossing
dayr_aqul;wasit;sea;pp_nav_00528;9777;5184;9779;5182;River navigation crossing
dhubri;dura;sea;pp_nav_00637;11777;4789;11779;4787;River navigation crossing
dhubri;goalpara;sea;pp_nav_00631;11795;4806;11795;4804;River navigation crossing
dijkot;chichawatni;sea;pp_nav_00556;11016;5083;11016;5081;River navigation crossing
dijkot;gugera;sea;pp_nav_00556;11020;5088;11022;5086;River navigation crossing
dobryanka;nytva;sea;pp_nav_00096;10256;6854;10254;6852;River navigation crossing
dobryanka;yusva;sea;pp_nav_00086;10249;6912;10247;6910;River navigation crossing
dobrzyn;gostynin;sea;pp_nav_00206;8580;6457;8580;6455;River navigation crossing
dobrzyn;kowal;sea;pp_nav_00206;8568;6461;8566;6459;River navigation crossing
dobrzyn;wloclawek;sea;pp_nav_00206;8557;6467;8555;6465;River navigation crossing
dobyaz;atishchevo;sea;pp_nav_00150;9904;6685;9902;6683;River navigation crossing
dobyaz;sviyazhsk;sea;pp_nav_00150;9911;6683;9909;6681;River navigation crossing
donge;yanggu_yanzhou;sea;pp_nav_00503;12973;5408;12971;5406;River navigation crossing
dongliu;wangjiang;sea;pp_nav_00583;13013;5052;13011;5050;River navigation crossing
drohiczyn;sokolow;sea;pp_nav_00211;8713;6457;8711;6455;River navigation crossing
duanxi;ducheng;sea;pp_nav_00675;12770;4640;12768;4638;River navigation crossing
duanxi;jinkang;sea;pp_nav_00677;12789;4636;12787;4634;River navigation crossing
dubbi;shadodkot;sea;pp_nav_00617;10794;4875;10792;4873;River navigation crossing
dura;rangpur_bengal;sea;pp_nav_00645;11772;4762;11770;4760;River navigation crossing
dusseldorf;neuss;sea;pp_nav_00251;7998;6373;7996;6371;River navigation crossing
einbeck;hoxter;sea;pp_nav_00228;8121;6395;8119;6393;River navigation crossing
ekwentondie;nebesek;sea;pp_nav_00362;4383;6038;4385;6036;River navigation crossing
ekwentondie;wolinak;sea;pp_nav_00360;4388;6041;4390;6039;River navigation crossing
el_bahnasa;sharuna;sea;pp_nav_00603;9099;4971;9101;4969;River navigation crossing
el_bahnasa;tahna;sea;pp_nav_00607;9093;4944;9095;4942;River navigation crossing
el_balyana;qena;sea;pp_nav_00625;9147;4813;9149;4813;River navigation crossing
el_burullus;rashid;sea;pp_nav_00548;9075;5118;9073;5116;River navigation crossing
el_buwit;asyut;sea;pp_nav_00618;9111;4871;9109;4869;River navigation crossing
el_buwit;manfalut;sea;pp_nav_00618;9097;4885;9095;4883;River navigation crossing
ensisheim;freiburg;sea;pp_nav_00327;8035;6144;8037;6142;River navigation crossing
enzhou;pingyuan_jinan;sea;pp_nav_00493;12981;5461;12983;5459;River navigation crossing
este;rovigo;sea;pp_nav_00376;8215;5963;8217;5961;River navigation crossing
ethapetha;kanawha;sea;pp_nav_00453;3961;5577;3959;5575;River navigation crossing
ethapetha;onimgohow;sea;pp_nav_00453;3971;5590;3973;5588;River navigation crossing
ethapetha;ouasioto;sea;pp_nav_00474;3936;5541;3938;5539;River navigation crossing
ficarolo;mirandola;sea;pp_nav_00395;8204;5954;8202;5952;River navigation crossing
freistadt;linz;sea;pp_nav_00323;8341;6171;8339;6169;River navigation crossing
freistadt;wels;sea;pp_nav_00323;8346;6169;8344;6167;River navigation crossing
futian;luling;sea;pp_nav_00619;12925;4863;12923;4861;River navigation crossing
fuwa;damanhur;sea;pp_nav_00548;9081;5108;9079;5106;River navigation crossing
galati;isaccea;sea;pp_nav_00378;8972;5980;8970;5978;River navigation crossing
gananoque;kaniatarahontsi;sea;pp_nav_00407;4240;5920;4242;5918;River navigation crossing
gananoque;nikahionhwakowa;sea;pp_nav_00407;4231;5912;4233;5910;River navigation crossing
ganserndorf;bruck_leitha;sea;pp_nav_00325;8451;6159;8449;6157;River navigation crossing
gaur;rajmahal;sea;pp_nav_00655;11690;4749;11688;4747;River navigation crossing
germersheim;baden;sea;pp_nav_00304;8066;6215;8068;6213;River navigation crossing
germersheim;bruchsal;sea;pp_nav_00291;8073;6233;8075;6231;River navigation crossing
germersheim;durlach;sea;pp_nav_00291;8068;6217;8070;6215;River navigation crossing
ghazipur;buxar;sea;pp_nav_00641;11516;4782;11518;4780;River navigation crossing
ghazipur;chunar;sea;pp_nav_00643;11491;4770;11489;4768;River navigation crossing
ghent;aalst;sea;pp_nav_00255;7865;6349;7867;6347;River navigation crossing
ghent;oudenaarde;sea;pp_nav_00260;7853;6350;7855;6348;River navigation crossing
gichthanne;aaboukingon;sea;pp_nav_00479;3728;5503;3730;5501;River navigation crossing
gichthanne;lewekeomi;sea;pp_nav_00476;3780;5517;3782;5515;River navigation crossing
gichthanne;tywhapita;sea;pp_nav_00476;3770;5517;3768;5515;River navigation crossing
gisors;evreux;sea;pp_nav_00298;7749;6229;7747;6227;River navigation crossing
giurgiu;cherven;sea;pp_nav_00422;8867;5876;8867;5874;River navigation crossing
giurgiu;ruse;sea;pp_nav_00417;8886;5893;8888;5891;River navigation crossing
giurgiu;tutrakan;sea;pp_nav_00417;8894;5894;8896;5892;River navigation crossing
gniew;kwidzyn;sea;pp_nav_00186;8547;6539;8549;6537;River navigation crossing
gniew;malbork;sea;pp_nav_00182;8549;6546;8551;6544;River navigation crossing
goly_karamysh;pokrovsk;sea;pp_nav_00246;9776;6364;9778;6364;River navigation crossing
goly_karamysh;rovnoye;sea;pp_nav_00257;9778;6336;9780;6334;River navigation crossing
gorodets;rastyapino;sea;pp_nav_00127;9674;6735;9672;6733;River navigation crossing
gorodets;vasilyeva_sloboda;sea;pp_nav_00119;9657;6768;9655;6766;River navigation crossing
gorokhovets;meshchersk;sea;pp_nav_00138;9653;6705;9653;6703;River navigation crossing
gorokhovets;pavlovo;sea;pp_nav_00143;9646;6695;9648;6693;River navigation crossing
goundam;arlal;sea;pp_nav_00704;7538;4250;7540;4248;River navigation crossing
grafenau;landau;sea;pp_nav_00311;8284;6203;8282;6201;River navigation crossing
grudziadz;nowe;sea;pp_nav_00186;8546;6526;8544;6524;River navigation crossing
gualeguay;carapachay;sea;pp_nav_00816;4991;1473;4993;1471;River navigation crossing
gualeguay;yaguari_guazu;sea;pp_nav_00811;5000;1552;5002;1550;River navigation crossing
guangji;dehua_jiujiang;sea;pp_nav_00597;12959;5025;12957;5023;River navigation crossing
guangji;ruichang;sea;pp_nav_00587;12950;5026;12948;5024;River navigation crossing
guangji;yongxing_xingguo;sea;pp_nav_00587;12943;5034;12941;5032;River navigation crossing
guanipa;cachamay;sea;pp_nav_00749;4837;3808;4839;3806;River navigation crossing
guastalla;mantova;sea;pp_nav_00392;8186;5958;8184;5956;River navigation crossing
guayaquil;yaguachi;sea;pp_nav_00771;4055;3227;4057;3225;River navigation crossing
guben;torzym;sea;pp_nav_00214;8359;6433;8361;6431;River navigation crossing
hachberg;ensisheim;sea;pp_nav_00327;8037;6156;8035;6154;River navigation crossing
hackensack;manhattan;sea;pp_nav_00436;4326;5695;4328;5693;River navigation crossing
hajipur;bihar_sharif;sea;pp_nav_00644;11589;4774;11589;4772;River navigation crossing
hajipur;patna;sea;pp_nav_00642;11569;4783;11567;4781;River navigation crossing
hajo;guwahati;sea;pp_nav_00632;11841;4814;11843;4812;River navigation crossing
hala;kotri;sea;pp_nav_00636;10805;4784;10803;4782;River navigation crossing
hala;ranikot;sea;pp_nav_00636;10797;4801;10795;4799;River navigation crossing
hamburg;harburg;sea;pp_nav_00189;8144;6522;8142;6520;River navigation crossing
hamburg;stade;sea;pp_nav_00189;8142;6524;8140;6522;River navigation crossing
hamburg;winsen;sea;pp_nav_00189;8153;6515;8151;6513;River navigation crossing
hangzhou;xiaoshan;sea;pp_nav_00586;13158;5040;13160;5038;River navigation crossing
hanyang;jiangxia;sea;pp_nav_00570;12889;5063;12891;5061;River navigation crossing
hanyang;jiayu;sea;pp_nav_00579;12874;5049;12876;5047;River navigation crossing
hanyang;jinkou;sea;pp_nav_00579;12882;5050;12884;5048;River navigation crossing
harrow;kingston;sea;pp_nav_00248;7676;6380;7678;6378;River navigation crossing
harrow;windsor;sea;pp_nav_00247;7664;6384;7662;6382;River navigation crossing
harrow;woking;sea;pp_nav_00248;7669;6379;7667;6377;River navigation crossing
harsova;orasul_de_floci;sea;pp_nav_00382;8961;5938;8959;5936;River navigation crossing
havelberg;jerichow;sea;pp_nav_00204;8240;6475;8240;6473;River navigation crossing
havelberg;osterburg;sea;pp_nav_00198;8228;6483;8226;6481;River navigation crossing
heidelberg;neustadt_an_der_haardt;sea;pp_nav_00280;8077;6250;8075;6248;River navigation crossing
heidelberg;speyer;sea;pp_nav_00291;8077;6248;8075;6246;River navigation crossing
henley;reading;sea;pp_nav_00247;7641;6386;7639;6384;River navigation crossing
henley;windsor;sea;pp_nav_00247;7645;6383;7643;6381;River navigation crossing
hezhou_he;jiangning;sea;pp_nav_00539;13084;5141;13086;5139;River navigation crossing
hezhou_he;wuhu;sea;pp_nav_00546;13076;5119;13078;5117;River navigation crossing
hiw;qena;sea;pp_nav_00634;9158;4804;9160;4804;River navigation crossing
hiw;qus;sea;pp_nav_00633;9180;4797;9182;4795;River navigation crossing
hochelaga;kemoimenahan;sea;pp_nav_00366;4344;5989;4346;5987;River navigation crossing
holzminden;hoxter;sea;pp_nav_00228;8120;6399;8118;6397;River navigation crossing
hont;buda;sea;pp_nav_00334;8553;6135;8555;6133;River navigation crossing
horodyshche;cherkasy;sea;pp_nav_00300;9189;6230;9187;6228;River navigation crossing
horoshino;cherkasy;sea;pp_nav_00290;9169;6241;9167;6239;River navigation crossing
hoya;verden;sea;pp_nav_00203;8108;6479;8110;6477;River navigation crossing
htigyaing;shwegu;sea;pp_nav_00669;12072;4683;12074;4683;River navigation crossing
htigyaing;takawng;sea;pp_nav_00669;12061;4661;12063;4659;River navigation crossing
huaining;dongliu;sea;pp_nav_00568;13012;5058;13014;5056;River navigation crossing
huaining;guichi;sea;pp_nav_00568;13023;5065;13025;5063;River navigation crossing
huanggang;jiangxia;sea;pp_nav_00570;12905;5074;12903;5072;River navigation crossing
huanggang;wuchang;sea;pp_nav_00570;12908;5068;12906;5066;River navigation crossing
huangmei;dehua_jiujiang;sea;pp_nav_00596;12969;5019;12967;5017;River navigation crossing
huarong;jianli;sea;pp_nav_00600;12830;5014;12832;5012;River navigation crossing
hull;grimsby;sea;pp_nav_00187;7668;6536;7670;6534;River navigation crossing
ilambazar;nadia;sea;pp_nav_00667;11703;4669;11705;4667;River navigation crossing
ilok;sabac;sea;pp_nav_00398;8572;5950;8574;5948;River navigation crossing
ilok;teocak;sea;pp_nav_00396;8555;5946;8557;5944;River navigation crossing
indrapura_khmer;longvek;sea;pp_nav_00734;12462;4023;12460;4021;River navigation crossing
indrapura_khmer;phnom_penh;sea;pp_nav_00734;12462;4002;12460;4000;River navigation crossing
indrapura_khmer;srey_sarchhor;sea;pp_nav_00735;12491;4012;12493;4010;River navigation crossing
indrapura_khmer;tboung_khmum;sea;pp_nav_00735;12492;4013;12494;4011;River navigation crossing
itihumma;atchafalaya;sea;pp_nav_00566;3542;5051;3540;5049;River navigation crossing
jalalpur_pirwala;sitpur;sea;pp_nav_00594;10925;4999;10923;4997;River navigation crossing
jaranwala;gugera;sea;pp_nav_00556;11031;5098;11033;5096;River navigation crossing
jaunpur;chunar;sea;pp_nav_00648;11476;4773;11478;4771;River navigation crossing
jekabpils;daugavpils;sea;pp_nav_00134;8887;6713;8885;6711;River navigation crossing
jekabpils;selpils;sea;pp_nav_00133;8866;6736;8864;6734;River navigation crossing
jerichow;stendal;sea;pp_nav_00204;8240;6472;8238;6470;River navigation crossing
jiangdu;dantu;sea;pp_nav_00532;13131;5166;13129;5164;River navigation crossing
jingling;qianjiang;sea;pp_nav_00567;12825;5068;12823;5066;River navigation crossing
jingling;yusha;sea;pp_nav_00567;12833;5066;12835;5064;River navigation crossing
jipyeong;gwangju;sea;pp_nav_00488;13488;5485;13490;5483;River navigation crossing
kabachischi;atishchevo;sea;pp_nav_00144;9882;6691;9884;6689;River navigation crossing
kabachischi;tsivilsk;sea;pp_nav_00141;9859;6705;9861;6703;River navigation crossing
kaesong;inju;sea;pp_nav_00484;13446;5505;13444;5503;River navigation crossing
kafr_saqr;samanoud;sea;pp_nav_00563;9116;5075;9114;5073;River navigation crossing
kahwenoke;ahkwesasne;sea;pp_nav_00381;4296;5958;4298;5956;River navigation crossing
kahwenoke;ahkwesasne_ny;sea;pp_nav_00381;4282;5955;4284;5953;River navigation crossing
kahwenoke;kaniatarahontsi;sea;pp_nav_00397;4274;5951;4276;5949;River navigation crossing
kalach;boguchar;sea;pp_nav_00276;9541;6285;9539;6283;River navigation crossing
kalocsa;tolna;sea;pp_nav_00358;8553;6053;8551;6051;River navigation crossing
kaltysyany;vezhakary;sea;pp_nav_00022;10660;7225;10662;7223;River navigation crossing
kamach;mocana;sea;pp_nav_00739;4292;3942;4290;3940;River navigation crossing
kamalia;chichawatni;sea;pp_nav_00565;10998;5069;11000;5067;River navigation crossing
kamalia;tulamba;sea;pp_nav_00565;10985;5071;10987;5069;River navigation crossing
kamatapur;dura;sea;pp_nav_00637;11776;4788;11778;4786;River navigation crossing
kamyshin;berezhnovka;sea;pp_nav_00271;9762;6291;9764;6289;River navigation crossing
kamyshin;rovnoye;sea;pp_nav_00265;9777;6309;9779;6307;River navigation crossing
kandiaro;paat;sea;pp_nav_00621;10783;4852;10781;4850;River navigation crossing
kandiaro;sehwan;sea;pp_nav_00621;10781;4837;10779;4835;River navigation crossing
kara;banda;sea;pp_nav_00640;11372;4784;11370;4782;River navigation crossing
kara;chitrakuta;sea;pp_nav_00640;11382;4775;11380;4773;River navigation crossing
kashmore;ghotki;sea;pp_nav_00610;10848;4930;10850;4928;River navigation crossing
kashmore;rohri;sea;pp_nav_00614;10833;4921;10835;4919;River navigation crossing
kaskaskia;tamaroa;sea;pp_nav_00473;3580;5532;3578;5530;River navigation crossing
katha;shwegu;sea;pp_nav_00664;12073;4692;12075;4690;River navigation crossing
katihar;rajmahal;sea;pp_nav_00655;11688;4751;11686;4749;River navigation crossing
katihar;teliagarhi;sea;pp_nav_00650;11677;4766;11675;4764;River navigation crossing
katzenelnbogen;simmern;sea;pp_nav_00270;8041;6295;8039;6293;River navigation crossing
kazan;bolghar;sea;pp_nav_00162;9939;6639;9941;6637;River navigation crossing
kazan;sviyazhsk;sea;pp_nav_00150;9923;6676;9921;6674;River navigation crossing
kazari;ryazan;sea;pp_nav_00174;9498;6606;9496;6604;River navigation crossing
kazari;staraya_ryazan;sea;pp_nav_00178;9521;6590;9519;6588;River navigation crossing
kazimierz;zwolen;sea;pp_nav_00250;8691;6377;8689;6375;River navigation crossing
kazym;sumgut_vosh;sea;pp_nav_00020;10686;7251;10684;7249;River navigation crossing
kedainiai;panemune;sea;pp_nav_00170;8759;6630;8757;6628;River navigation crossing
khagaria;bhagalpur;sea;pp_nav_00650;11655;4760;11657;4758;River navigation crossing
khagaria;monghyr;sea;pp_nav_00649;11633;4763;11631;4761;River navigation crossing
khagaria;teliagarhi;sea;pp_nav_00650;11661;4760;11663;4758;River navigation crossing
khoai_chau;thang_long;sea;pp_nav_00686;12513;4508;12511;4506;River navigation crossing
khvorostyanka;solovtsovo;sea;pp_nav_00199;9899;6489;9897;6487;River navigation crossing
kichkas;tomakivka;sea;pp_nav_00329;9289;6141;9287;6139;River navigation crossing
kimra;dubna;sea;pp_nav_00122;9386;6757;9388;6755;River navigation crossing
kimra;kalyazin;sea;pp_nav_00122;9395;6765;9397;6763;River navigation crossing
kitchawanc;nochpeem;sea;pp_nav_00432;4325;5738;4327;5736;River navigation crossing
kleve;nijmegen;sea;pp_nav_00233;7971;6406;7969;6404;River navigation crossing
kodak;kichkas;sea;pp_nav_00319;9291;6156;9293;6154;River navigation crossing
koknese;selpils;sea;pp_nav_00133;8853;6736;8851;6734;River navigation crossing
komarom;tata;sea;pp_nav_00332;8505;6134;8507;6132;River navigation crossing
kondurcha;morkvash;sea;pp_nav_00191;9966;6517;9964;6515;River navigation crossing
konstantinovsk;semikarakorsk;sea;pp_nav_00341;9553;6123;9551;6121;River navigation crossing
koponovo;shilovo;sea;pp_nav_00177;9552;6579;9554;6577;River navigation crossing
koponovo;staraya_ryazan;sea;pp_nav_00180;9542;6581;9540;6579;River navigation crossing
korenevo;vasilyeva_sloboda;sea;pp_nav_00119;9655;6772;9653;6770;River navigation crossing
korneuburg;bruck_leitha;sea;pp_nav_00322;8443;6162;8441;6160;River navigation crossing
korneuburg;vienna;sea;pp_nav_00322;8433;6170;8431;6168;River navigation crossing
korra;kalpi;sea;pp_nav_00628;11330;4808;11328;4806;River navigation crossing
korra;rath;sea;pp_nav_00635;11346;4798;11344;4796;River navigation crossing
koryazhma;krasny_bor;sea;pp_nav_00035;9797;7089;9795;7087;River navigation crossing
koryazhma;veliky_ustyug;sea;pp_nav_00037;9809;7080;9807;7078;River navigation crossing
kostroma;nerekhta;sea;pp_nav_00107;9551;6821;9549;6819;River navigation crossing
kostroma;yaroslavl;sea;pp_nav_00107;9541;6827;9539;6825;River navigation crossing
kot_addu;multan;sea;pp_nav_00580;10931;5033;10933;5031;River navigation crossing
kotri;naserpur;sea;pp_nav_00636;10802;4776;10804;4774;River navigation crossing
kotri;sonda;sea;pp_nav_00646;10798;4746;10800;4744;River navigation crossing
kovin;smederevo;sea;pp_nav_00405;8643;5934;8645;5932;River navigation crossing
kracheh;phnom_santuk;sea;pp_nav_00732;12516;4038;12514;4036;River navigation crossing
kraslava;braslaw;sea;pp_nav_00149;8930;6685;8928;6683;River navigation crossing
kremenskaya;mechet;sea;pp_nav_00299;9684;6210;9682;6208;River navigation crossing
krems;amstetten;sea;pp_nav_00324;8373;6165;8371;6163;River navigation crossing
krems;melk;sea;pp_nav_00321;8380;6165;8380;6163;River navigation crossing
kuchugur;tomakivka;sea;pp_nav_00340;9287;6124;9285;6122;River navigation crossing
kumylzhenskaya;ust_medveditskaya;sea;pp_nav_00285;9613;6256;9611;6254;River navigation crossing
kunovat;voikar;sea;pp_nav_00010;10679;7393;10677;7391;River navigation crossing
kunow;urzedow;sea;pp_nav_00259;8684;6350;8686;6348;River navigation crossing
kurba;romanov;sea;pp_nav_00100;9486;6830;9488;6830;River navigation crossing
kutina;dubica;sea;pp_nav_00370;8442;5984;8440;5982;River navigation crossing
kutina;petrinja;sea;pp_nav_00370;8439;5986;8437;5984;River navigation crossing
kutina;sisak;sea;pp_nav_00370;8438;5993;8436;5991;River navigation crossing
kuttawa;mitchigamea;sea;pp_nav_00483;3678;5488;3676;5486;River navigation crossing
kwidzyn;nowe;sea;pp_nav_00186;8545;6529;8543;6527;River navigation crossing
laish;bolghar;sea;pp_nav_00162;9943;6640;9945;6638;River navigation crossing
lanagashec;mepenes;sea;pp_nav_00803;5013;1810;5015;1808;River navigation crossing
laribandar;muhammad_tur;sea;pp_nav_00657;10782;4712;10784;4710;River navigation crossing
lauenburg;luneburg;sea;pp_nav_00189;8170;6512;8168;6510;River navigation crossing
lauenburg;winsen;sea;pp_nav_00189;8163;6516;8163;6514;River navigation crossing
lebus;torzym;sea;pp_nav_00214;8353;6448;8355;6446;River navigation crossing
lectoure;villemur;sea;pp_nav_00416;7739;5894;7741;5894;River navigation crossing
libourne;benauges;sea;pp_nav_00393;7664;5957;7666;5955;River navigation crossing
libourne;sauveterre_de_guyenne;sea;pp_nav_00400;7685;5945;7683;5943;River navigation crossing
lichiresti;drastar;sea;pp_nav_00415;8927;5900;8925;5898;River navigation crossing
lichiresti;tutrakan;sea;pp_nav_00417;8905;5896;8907;5894;River navigation crossing
lichtenberg;baden;sea;pp_nav_00304;8055;6201;8057;6199;River navigation crossing
liege;maastricht;sea;pp_nav_00262;7950;6338;7952;6338;River navigation crossing
lincoln;retford;sea;pp_nav_00190;7656;6510;7654;6508;River navigation crossing
lingzhou_dezhou;pingyuan_jinan;sea;pp_nav_00485;12990;5469;12990;5467;River navigation crossing
lipno;inowroclaw;sea;pp_nav_00200;8543;6482;8541;6480;River navigation crossing
lipno;wloclawek;sea;pp_nav_00200;8552;6475;8550;6473;River navigation crossing
lisbon;mora_portugal;sea;pp_nav_00451;7287;5577;7289;5575;River navigation crossing
lisbon;salvaterra;sea;pp_nav_00451;7288;5578;7290;5578;River navigation crossing
lisbon;setubal;sea;pp_nav_00451;7280;5574;7282;5572;River navigation crossing
lodi;piacenza;sea;pp_nav_00388;8128;5963;8128;5961;River navigation crossing
loigan_sibo;kemoimenahan;sea;pp_nav_00366;4348;6002;4350;6000;River navigation crossing
loigan_sibo;masolian;sea;pp_nav_00362;4360;6021;4362;6019;River navigation crossing
longvek;prasat_andet;sea;pp_nav_00733;12452;4030;12454;4030;River navigation crossing
louhans;macon;sea;pp_nav_00356;7917;6055;7915;6053;River navigation crossing
luanda;calumbo;sea;pp_nav_00788;8289;2836;8291;2834;River navigation crossing
lyuban;soltsy_kirishi;sea;pp_nav_00076;9143;6937;9145;6935;River navigation crossing
lyubichi;perevitska;sea;pp_nav_00169;9474;6628;9472;6626;River navigation crossing
macon;trevoux;sea;pp_nav_00363;7909;6034;7911;6032;River navigation crossing
maghana;moudery;sea;pp_nav_00711;7112;4184;7110;4182;River navigation crossing
magway;sagu;sea;pp_nav_00687;12012;4469;12010;4467;River navigation crossing
mahates;kamach;sea;pp_nav_00741;4281;3913;4283;3911;River navigation crossing
mahates;zarate;sea;pp_nav_00741;4281;3912;4283;3910;River navigation crossing
mahoning_oh;allegheny;sea;pp_nav_00442;4026;5679;4028;5677;River navigation crossing
mahoning_oh;wihlink;sea;pp_nav_00442;4020;5676;4022;5674;River navigation crossing
mainz;simmern;sea;pp_nav_00275;8045;6290;8043;6288;River navigation crossing
mairi;samauma;sea;pp_nav_00768;5485;3258;5483;3256;River navigation crossing
makanpur;kalpi;sea;pp_nav_00628;11319;4814;11317;4812;River navigation crossing
makanpur;konch;sea;pp_nav_00628;11311;4822;11309;4820;River navigation crossing
malbork;tczew;sea;pp_nav_00182;8549;6560;8547;6558;River navigation crossing
malykovka;balakovo;sea;pp_nav_00223;9856;6422;9854;6420;River navigation crossing
malykovka;baronsk;sea;pp_nav_00230;9841;6417;9843;6415;River navigation crossing
mamadysh;cukataw;sea;pp_nav_00155;10010;6659;10008;6657;River navigation crossing
mamadysh;zainsk;sea;pp_nav_00155;10032;6661;10034;6659;River navigation crossing
mansoura;samanoud;sea;pp_nav_00563;9114;5082;9112;5080;River navigation crossing
marmande;agen;sea;pp_nav_00412;7707;5913;7709;5911;River navigation crossing
marmande;bazas;sea;pp_nav_00412;7697;5924;7697;5922;River navigation crossing
mayen;castellaun;sea;pp_nav_00270;8027;6297;8029;6295;River navigation crossing
mbegua;carapachay;sea;pp_nav_00818;4977;1466;4979;1464;River navigation crossing
mechet;nizhny_chir;sea;pp_nav_00310;9671;6197;9669;6195;River navigation crossing
megion;bolshoy_balyk;sea;pp_nav_00046;11096;7068;11094;7066;River navigation crossing
meherrin;adshusheer;sea;pp_nav_00497;4114;5435;4112;5433;River navigation crossing
meherrin;pamticough;sea;pp_nav_00500;4120;5430;4118;5428;River navigation crossing
melenki;ardatov;sea;pp_nav_00157;9589;6636;9591;6634;River navigation crossing
melnikovo;tomsk;sea;pp_nav_00120;11531;6780;11533;6778;River navigation crossing
menouf;giza;sea;pp_nav_00576;9101;5051;9099;5049;River navigation crossing
menouf;kharibta;sea;pp_nav_00561;9093;5077;9091;5075;River navigation crossing
menouf;qalyub;sea;pp_nav_00563;9104;5055;9106;5055;River navigation crossing
menouf;ramsis;sea;pp_nav_00561;9093;5086;9091;5084;River navigation crossing
menouf;tarrana;sea;pp_nav_00561;9094;5075;9092;5073;River navigation crossing
mepenes;qollaxalec;sea;pp_nav_00803;5014;1807;5012;1805;River navigation crossing
mezhutka;staraya_ladoga;sea;pp_nav_00058;9164;6988;9162;6986;River navigation crossing
mie;nakajima;sea;pp_nav_00509;13912;5339;13914;5339;River navigation crossing
minden;detmold;sea;pp_nav_00220;8096;6431;8098;6429;River navigation crossing
mindon;pyay;sea;pp_nav_00690;12023;4386;12025;4384;River navigation crossing
minxian;changle_fujian;sea;pp_nav_00630;13127;4800;13129;4798;River navigation crossing
minya;tahna;sea;pp_nav_00607;9089;4935;9091;4933;River navigation crossing
mitchigamea;charquis;sea;pp_nav_00489;3661;5459;3659;5457;River navigation crossing
mitchigamea;towosaghy;sea;pp_nav_00486;3621;5469;3619;5467;River navigation crossing
mithankot;aror;sea;pp_nav_00605;10900;4974;10902;4972;River navigation crossing
mithankot;derawar;sea;pp_nav_00605;10903;4980;10905;4978;River navigation crossing
mohacs;bacs;sea;pp_nav_00374;8550;5992;8552;5990;River navigation crossing
moksobo;ngasingu;sea;pp_nav_00674;12056;4613;12058;4611;River navigation crossing
mongyang;shwegu;sea;pp_nav_00663;12099;4698;12097;4696;River navigation crossing
montauban;lectoure;sea;pp_nav_00416;7736;5897;7738;5895;River navigation crossing
montflanquin;agen;sea;pp_nav_00413;7719;5920;7719;5918;River navigation crossing
montmorency;brie_comte_robert;sea;pp_nav_00308;7809;6205;7811;6203;River navigation crossing
montmorency;corbeil;sea;pp_nav_00301;7789;6210;7787;6208;River navigation crossing
mopeia;chupanga;sea;pp_nav_00795;9312;2350;9312;2348;River navigation crossing
mopeia;sena;sea;pp_nav_00795;9305;2358;9303;2356;River navigation crossing
morkvash;khvorostyanka;sea;pp_nav_00195;9926;6503;9928;6501;River navigation crossing
morkvash;samara;sea;pp_nav_00191;9965;6498;9963;6496;River navigation crossing
moro_sindh;ranikot;sea;pp_nav_00626;10783;4820;10781;4818;River navigation crossing
mors;wesel;sea;pp_nav_00251;7996;6381;7998;6381;River navigation crossing
mosbach;sinsheim;sea;pp_nav_00289;8095;6245;8097;6243;River navigation crossing
muhammerah;zuwayr;sea;pp_nav_00572;9872;5064;9870;5062;River navigation crossing
muktagacha;shahjadpur;sea;pp_nav_00658;11773;4732;11771;4730;River navigation crossing
mulhouse;freiburg;sea;pp_nav_00327;8035;6143;8037;6141;River navigation crossing
mulhouse;mullheim;sea;pp_nav_00327;8034;6132;8036;6130;River navigation crossing
multan;sitpur;sea;pp_nav_00594;10933;5031;10931;5029;River navigation crossing
muskingum;onimgohow;sea;pp_nav_00446;4000;5608;4002;5606;River navigation crossing
muskingum;wihlink;sea;pp_nav_00446;4005;5613;4007;5611;River navigation crossing
myede;thayet;sea;pp_nav_00689;12024;4438;12022;4436;River navigation crossing
myedu;ngasingu;sea;pp_nav_00674;12059;4631;12061;4629;River navigation crossing
mykytyn_rih;kuchugur;sea;pp_nav_00340;9256;6120;9258;6118;River navigation crossing
mykytyn_rih;velyka_lepetykha;sea;pp_nav_00340;9251;6119;9253;6117;River navigation crossing
nakaigetergehe;taragui;sea;pp_nav_00806;4979;1698;4981;1696;River navigation crossing
nakhon_sawan;phayuhakhiri;sea;pp_nav_00709;12244;4194;12246;4192;River navigation crossing
nemby;tacshic;sea;pp_nav_00799;5069;1932;5067;1930;River navigation crossing
nemours;nogent_sur_seine;sea;pp_nav_00320;7824;6173;7826;6173;River navigation crossing
neuss;solingen;sea;pp_nav_00258;8003;6357;8005;6357;River navigation crossing
ngasingu;sagaing;sea;pp_nav_00681;12057;4610;12055;4608;River navigation crossing
nimes;tarascon;sea;pp_nav_00419;7902;5877;7904;5875;River navigation crossing
nizhny_chir;aksay;sea;pp_nav_00316;9652;6165;9654;6163;River navigation crossing
nizhny_chir;stepanevka;sea;pp_nav_00310;9667;6187;9669;6185;River navigation crossing
nizhny_novgorod;rastyapino;sea;pp_nav_00127;9678;6731;9676;6729;River navigation crossing
nizhnyaya_toyma;voznesenskoye;sea;pp_nav_00028;9692;7161;9690;7159;River navigation crossing
nizhnyaya_toyma;zaostrovskoye;sea;pp_nav_00028;9686;7166;9684;7164;River navigation crossing
nnewi;ozoro;sea;pp_nav_00759;7995;3666;7993;3664;River navigation crossing
nochpeem;tappan;sea;pp_nav_00432;4326;5728;4324;5726;River navigation crossing
nograd;buda;sea;pp_nav_00334;8559;6135;8557;6133;River navigation crossing
novaya_pokrovka;ostrogozhsk;sea;pp_nav_00254;9475;6351;9473;6349;River navigation crossing
novaya_pokrovka;rossosh;sea;pp_nav_00261;9502;6332;9500;6330;River navigation crossing
novaya_pokrovka;semidesyatnoye;sea;pp_nav_00254;9475;6363;9473;6361;River navigation crossing
nur;sokolow;sea;pp_nav_00209;8688;6466;8690;6464;River navigation crossing
obion;towosaghy;sea;pp_nav_00502;3611;5407;3609;5405;River navigation crossing
offenburg;strasbourg;sea;pp_nav_00315;8045;6175;8043;6173;River navigation crossing
ogeechee;selkehatchie;sea;pp_nav_00521;3982;5211;3984;5209;River navigation crossing
oheyandewa;lewekeomi;sea;pp_nav_00469;3791;5534;3793;5532;River navigation crossing
oleshia;aslan_horod;sea;pp_nav_00357;9176;6060;9178;6058;River navigation crossing
oleshia;ordu_bazar;sea;pp_nav_00357;9174;6057;9176;6055;River navigation crossing
omerkot;aror;sea;pp_nav_00606;10876;4951;10876;4949;River navigation crossing
ondaimas;chipata;sea;pp_nav_00756;4298;3692;4300;3690;River navigation crossing
one;zarate;sea;pp_nav_00741;4284;3890;4286;3888;River navigation crossing
opatow;tarnow;sea;pp_nav_00267;8659;6310;8661;6308;River navigation crossing
opatow;urzedow;sea;pp_nav_00259;8684;6333;8686;6331;River navigation crossing
or_keo;phsar_dek;sea;pp_nav_00740;12484;3927;12486;3927;River navigation crossing
orange;st_ambroix;sea;pp_nav_00408;7905;5907;7903;5905;River navigation crossing
orange;uzes;sea;pp_nav_00408;7907;5905;7905;5903;River navigation crossing
orasul_de_floci;cernavoda;sea;pp_nav_00406;8965;5914;8967;5912;River navigation crossing
oreshek;lisino;sea;pp_nav_00067;9090;6967;9088;6965;River navigation crossing
oreshek;markovo;sea;pp_nav_00067;9092;6966;9094;6964;River navigation crossing
ostiglia;guastalla;sea;pp_nav_00392;8193;5959;8191;5957;River navigation crossing
otennienontant;ahkwesasne;sea;pp_nav_00375;4313;5972;4315;5970;River navigation crossing
oudenaarde;aalst;sea;pp_nav_00260;7855;6342;7857;6340;River navigation crossing
oudenaarde;ath;sea;pp_nav_00263;7847;6334;7849;6332;River navigation crossing
ozoro;azia;sea;pp_nav_00759;7988;3648;7990;3646;River navigation crossing
pabna;savar;sea;pp_nav_00666;11772;4685;11774;4683;River navigation crossing
pacaha;quizquiz;sea;pp_nav_00511;3574;5322;3576;5320;River navigation crossing
pagan;saw;sea;pp_nav_00685;12008;4512;12006;4510;River navigation crossing
pairindi;yaguari_guazu;sea;pp_nav_00811;5000;1565;5002;1563;River navigation crossing
pakokku;pagan;sea;pp_nav_00684;12014;4530;12016;4528;River navigation crossing
pakokku;talok;sea;pp_nav_00684;12024;4536;12026;4534;River navigation crossing
pakrac;dubica;sea;pp_nav_00377;8455;5978;8453;5976;River navigation crossing
pakrac;gradiski_brod;sea;pp_nav_00377;8458;5973;8460;5971;River navigation crossing
pancevo;belgrad;sea;pp_nav_00403;8623;5942;8621;5940;River navigation crossing
pancevo;smederevo;sea;pp_nav_00403;8634;5937;8632;5935;River navigation crossing
papyeong;inju;sea;pp_nav_00484;13458;5501;13456;5499;River navigation crossing
paru;kuruaya;sea;pp_nav_00767;5274;3253;5276;3251;River navigation crossing
passau;landau;sea;pp_nav_00311;8289;6195;8287;6193;River navigation crossing
patoka;aaboukingon;sea;pp_nav_00480;3694;5506;3696;5504;River navigation crossing
patoka;kuttawa;sea;pp_nav_00483;3685;5502;3687;5500;River navigation crossing
paungde;myanaung;sea;pp_nav_00691;12024;4370;12022;4368;River navigation crossing
pavia;piacenza;sea;pp_nav_00388;8125;5963;8127;5961;River navigation crossing
pereiaslav;korsun;sea;pp_nav_00284;9131;6262;9129;6260;River navigation crossing
perevitska;kazari;sea;pp_nav_00174;9496;6608;9498;6606;River navigation crossing
perg;amstetten;sea;pp_nav_00323;8355;6166;8353;6164;River navigation crossing
pescia;poggibonsi;sea;pp_nav_00424;8180;5872;8182;5870;River navigation crossing
pescia;pontedera;sea;pp_nav_00424;8179;5872;8181;5870;River navigation crossing
petrovaradin;debrc;sea;pp_nav_00402;8610;5936;8608;5934;River navigation crossing
phayuhakhiri;phraek;sea;pp_nav_00709;12246;4192;12244;4190;River navigation crossing
phayuhakhiri;sra_luang;sea;pp_nav_00705;12261;4252;12259;4250;River navigation crossing
phnom_santuk;tboung_khmum;sea;pp_nav_00735;12495;4024;12497;4022;River navigation crossing
phsar_dek;srok_khleang;sea;pp_nav_00742;12508;3901;12506;3899;River navigation crossing
pina_de_ebro;belchite;sea;pp_nav_00435;7670;5731;7668;5729;River navigation crossing
pina_de_ebro;zaragoza;sea;pp_nav_00435;7666;5735;7664;5733;River navigation crossing
plock;gabin;sea;pp_nav_00216;8590;6452;8590;6450;River navigation crossing
plock;gostynin;sea;pp_nav_00206;8583;6456;8581;6454;River navigation crossing
pokrovsk;ukek;sea;pp_nav_00246;9785;6379;9783;6377;River navigation crossing
pokrovskoye;stavropol_na_volge;sea;pp_nav_00185;9921;6542;9923;6540;River navigation crossing
polotsk;ushachy;sea;pp_nav_00156;9000;6659;8998;6657;River navigation crossing
pont_audemer;rouen;sea;pp_nav_00287;7732;6245;7730;6243;River navigation crossing
pontefract;selby;sea;pp_nav_00184;7639;6547;7641;6545;River navigation crossing
porto;feira;sea;pp_nav_00440;7298;5706;7300;5704;River navigation crossing
potsdam;teltow;sea;pp_nav_00217;8285;6446;8287;6444;River navigation crossing
potsdam;treuenbrietzen;sea;pp_nav_00217;8282;6444;8280;6442;River navigation crossing
poughkeepsie;kitchawanc;sea;pp_nav_00432;4327;5757;4325;5755;River navigation crossing
pozega;glaz;sea;pp_nav_00384;8491;5963;8493;5961;River navigation crossing
pozega;gradiski_brod;sea;pp_nav_00384;8481;5966;8479;5964;River navigation crossing
prato;florence;sea;pp_nav_00424;8205;5877;8207;5875;River navigation crossing
prato;poggibonsi;sea;pp_nav_00424;8189;5874;8187;5872;River navigation crossing
prayag;shankargah;sea;pp_nav_00647;11408;4764;11408;4762;River navigation crossing
privas;valence;sea;pp_nav_00383;7907;5938;7909;5938;River navigation crossing
proszowice;tarnow;sea;pp_nav_00272;8626;6293;8628;6291;River navigation crossing
proszowice;wieliczka;sea;pp_nav_00272;8617;6290;8619;6288;River navigation crossing
purnia;teliagarhi;sea;pp_nav_00650;11663;4768;11665;4766;River navigation crossing
pyay;myanaung;sea;pp_nav_00691;12020;4377;12018;4375;River navigation crossing
qalyub;giza;sea;pp_nav_00576;9109;5045;9107;5043;River navigation crossing
qichun;daye;sea;pp_nav_00587;12936;5047;12934;5045;River navigation crossing
qichun;yongxing_xingguo;sea;pp_nav_00587;12938;5044;12936;5042;River navigation crossing
qishui;daye;sea;pp_nav_00574;12930;5051;12928;5049;River navigation crossing
qishui;wuchang;sea;pp_nav_00574;12927;5058;12925;5056;River navigation crossing
quigate;quizquiz;sea;pp_nav_00511;3568;5316;3570;5314;River navigation crossing
quigate;taposa;sea;pp_nav_00512;3560;5290;3562;5288;River navigation crossing
radovanu;lom;sea;pp_nav_00423;8761;5881;8759;5879;River navigation crossing
rastyapino;meshchersk;sea;pp_nav_00135;9687;6714;9689;6712;River navigation crossing
raznezhye;kurmysh;sea;pp_nav_00140;9786;6706;9784;6704;River navigation crossing
raznezhye;lyskovo;sea;pp_nav_00140;9759;6706;9761;6704;River navigation crossing
raznezhye;vasilsursk;sea;pp_nav_00136;9791;6712;9793;6710;River navigation crossing
reni;isaccea;sea;pp_nav_00378;8978;5981;8976;5979;River navigation crossing
riverie;vienne;sea;pp_nav_00372;7907;5983;7909;5981;River navigation crossing
rohat_kermen;tavan;sea;pp_nav_00353;9228;6088;9226;6086;River navigation crossing
rohri;sukkur;sea;pp_nav_00614;10830;4909;10828;4907;River navigation crossing
romans;tournon;sea;pp_nav_00372;7911;5969;7909;5967;River navigation crossing
rosso;ndar;sea;pp_nav_00703;6940;4247;6940;4245;River navigation crossing
rossosh;verkhny_mamon;sea;pp_nav_00266;9511;6304;9513;6302;River navigation crossing
rovigo;comacchio;sea;pp_nav_00391;8240;5954;8242;5954;River navigation crossing
rovigo;ferrara;sea;pp_nav_00391;8223;5950;8225;5948;River navigation crossing
sabac;sremska_mitrovica;sea;pp_nav_00398;8588;5946;8590;5944;River navigation crossing
sagaing;pinya;sea;pp_nav_00683;12054;4566;12052;4564;River navigation crossing
sagaing;wetwin;sea;pp_nav_00681;12059;4580;12061;4580;River navigation crossing
saint_etienne;vienne;sea;pp_nav_00372;7906;5981;7908;5979;River navigation crossing
salay;salin;sea;pp_nav_00685;12004;4497;12002;4495;River navigation crossing
salvaterra;santarem;sea;pp_nav_00451;7297;5589;7295;5587;River navigation crossing
samanoud;qalyub;sea;pp_nav_00563;9107;5060;9109;5058;River navigation crossing
samastipur;bihar_sharif;sea;pp_nav_00644;11601;4772;11599;4770;River navigation crossing
samastipur;monghyr;sea;pp_nav_00649;11619;4763;11621;4761;River navigation crossing
samorin;magyarovar;sea;pp_nav_00325;8473;6159;8471;6157;River navigation crossing
sampheak_borak;sandan;sea;pp_nav_00725;12517;4077;12515;4075;River navigation crossing
sandan;stung_treng;sea;pp_nav_00725;12512;4083;12514;4081;River navigation crossing
sanlucar_la_mayor;sevilla;sea;pp_nav_00487;7416;5476;7418;5476;River navigation crossing
sanshui;gaoyao;sea;pp_nav_00676;12826;4638;12824;4636;River navigation crossing
sarapul;chalninsky_pochinok;sea;pp_nav_00146;10101;6690;10099;6688;River navigation crossing
sarapul;kasevo;sea;pp_nav_00139;10135;6696;10137;6694;River navigation crossing
sarapul;lower_aktanyshbash;sea;pp_nav_00146;10123;6689;10125;6687;River navigation crossing
sarapul;menzelinsk;sea;pp_nav_00146;10117;6688;10119;6686;River navigation crossing
sarapul;saygatsky;sea;pp_nav_00126;10137;6745;10139;6745;River navigation crossing
satgaon;kulpi;sea;pp_nav_00682;11700;4590;11702;4588;River navigation crossing
sauveterre_de_guyenne;bazas;sea;pp_nav_00404;7692;5928;7690;5926;River navigation crossing
saw;salay;sea;pp_nav_00685;12002;4505;12004;4503;River navigation crossing
sehwan;moro_sindh;sea;pp_nav_00626;10781;4827;10783;4825;River navigation crossing
semidesyatnoye;voronezh;sea;pp_nav_00238;9466;6386;9468;6386;River navigation crossing
shackamaxon;tetamekanch;sea;pp_nav_00445;4261;5630;4263;5628;River navigation crossing
shadodkot;kandiaro;sea;pp_nav_00617;10790;4868;10792;4866;River navigation crossing
shahjadpur;savar;sea;pp_nav_00666;11774;4694;11776;4692;River navigation crossing
shakhty;bagayevskaya;sea;pp_nav_00343;9525;6105;9527;6103;River navigation crossing
shakhty;semikarakorsk;sea;pp_nav_00341;9539;6119;9541;6117;River navigation crossing
shayang;jingling;sea;pp_nav_00550;12817;5080;12819;5078;River navigation crossing
shchuchya;obdorsk;sea;pp_nav_00002;10741;7481;10739;7479;River navigation crossing
shigony;khvorostyanka;sea;pp_nav_00195;9906;6497;9908;6495;River navigation crossing
shigony;stavropol_na_volge;sea;pp_nav_00185;9918;6527;9920;6527;River navigation crossing
shorkot;tulamba;sea;pp_nav_00573;10967;5071;10965;5069;River navigation crossing
shouzhang;xucheng;sea;pp_nav_00503;12980;5387;12982;5387;River navigation crossing
shuryshkar;obdorsk;sea;pp_nav_00003;10713;7474;10715;7472;River navigation crossing
siegburg;ahrweiler;sea;pp_nav_00264;8021;6327;8019;6325;River navigation crossing
simbirsk;staraya_mayna;sea;pp_nav_00175;9908;6596;9910;6594;River navigation crossing
sint_niklaas;aalst;sea;pp_nav_00255;7867;6350;7869;6348;River navigation crossing
sint_niklaas;brussels;sea;pp_nav_00255;7877;6352;7879;6350;River navigation crossing
sint_niklaas;mechelen;sea;pp_nav_00255;7887;6360;7889;6358;River navigation crossing
sitpur;derawar;sea;pp_nav_00605;10912;4985;10914;4983;River navigation crossing
sitpur;uch;sea;pp_nav_00594;10923;4997;10925;4995;River navigation crossing
sogra;zaostrovskoye;sea;pp_nav_00025;9646;7192;9644;7190;River navigation crossing
solikamsk;usolye;sea;pp_nav_00071;10261;6975;10259;6973;River navigation crossing
solingen;cologne;sea;pp_nav_00258;8005;6357;8003;6355;River navigation crossing
solt;tolna;sea;pp_nav_00352;8555;6072;8553;6070;River navigation crossing
sonda;thatta;sea;pp_nav_00657;10788;4732;10786;4730;River navigation crossing
sonepur_bihar;arrah;sea;pp_nav_00642;11544;4787;11544;4785;River navigation crossing
sonepur_bihar;patna;sea;pp_nav_00642;11555;4786;11553;4784;River navigation crossing
songzi;yidu;sea;pp_nav_00564;12762;5066;12760;5064;River navigation crossing
songzi;zhijiang;sea;pp_nav_00581;12769;5051;12771;5049;River navigation crossing
sosnovy_ostrov;balakovo;sea;pp_nav_00223;9869;6427;9871;6425;River navigation crossing
sosnovy_ostrov;dukhovnitskoye;sea;pp_nav_00207;9878;6439;9880;6437;River navigation crossing
sosnovy_ostrov;khvorostyanka;sea;pp_nav_00199;9893;6472;9895;6470;River navigation crossing
speyer;bruchsal;sea;pp_nav_00291;8074;6234;8076;6232;River navigation crossing
sremska_mitrovica;debrc;sea;pp_nav_00402;8599;5936;8597;5934;River navigation crossing
srey_sarchhor;phnom_penh;sea;pp_nav_00737;12469;3988;12467;3986;River navigation crossing
stadacona;kikonteku;sea;pp_nav_00355;4434;6065;4436;6063;River navigation crossing
stadacona;wachilmezi;sea;pp_nav_00355;4433;6065;4433;6063;River navigation crossing
staraya_ladoga;soltsy_kirishi;sea;pp_nav_00069;9151;6955;9153;6953;River navigation crossing
staraya_mayna;tetyushi;sea;pp_nav_00175;9919;6615;9917;6613;River navigation crossing
stavropol_na_volge;morkvash;sea;pp_nav_00188;9930;6518;9932;6516;River navigation crossing
stettin;goleniow;sea;pp_nav_00193;8355;6512;8357;6510;River navigation crossing
stezyca;radom;sea;pp_nav_00237;8669;6397;8667;6395;River navigation crossing
stezyca;zwolen;sea;pp_nav_00237;8675;6393;8675;6391;River navigation crossing
sukkur;dubbi;sea;pp_nav_00616;10804;4896;10806;4894;River navigation crossing
sumgut_vosh;vezhakary;sea;pp_nav_00020;10679;7246;10681;7244;River navigation crossing
surgut;bolshoy_balyk;sea;pp_nav_00042;10964;7076;10962;7074;River navigation crossing
surubiu;tupulicus;sea;pp_nav_00774;5186;3229;5188;3227;River navigation crossing
susong;hukou;sea;pp_nav_00596;12981;5021;12983;5019;River navigation crossing
susong;pengze;sea;pp_nav_00583;12990;5027;12992;5025;River navigation crossing
sviyazhsk;bolghar;sea;pp_nav_00164;9923;6629;9925;6627;River navigation crossing
swiecie;chelmno;sea;pp_nav_00186;8533;6516;8535;6514;River navigation crossing
swiecie;grudziadz;sea;pp_nav_00186;8541;6519;8543;6517;River navigation crossing
tacshic;agaes;sea;pp_nav_00801;5045;1880;5047;1878;River navigation crossing
tacshic;kyyindy;sea;pp_nav_00800;5053;1896;5055;1894;River navigation crossing
taixing;wujin;sea;pp_nav_00540;13154;5153;13152;5151;River navigation crossing
takawng;myedu;sea;pp_nav_00674;12061;4644;12059;4642;River navigation crossing
takawng;wuntho;sea;pp_nav_00674;12061;4645;12059;4643;River navigation crossing
talwandi;gugera;sea;pp_nav_00547;11043;5103;11045;5101;River navigation crossing
talwandi;lahore;sea;pp_nav_00547;11054;5109;11056;5107;River navigation crossing
tamalameque;norosi;sea;pp_nav_00746;4327;3842;4325;3840;River navigation crossing
tana;azok;sea;pp_nav_00350;9486;6093;9484;6091;River navigation crossing
tana;bagayevskaya;sea;pp_nav_00343;9515;6100;9515;6098;River navigation crossing
tancarville;pont_audemer;sea;pp_nav_00287;7708;6248;7710;6246;River navigation crossing
tapajo;curuai;sea;pp_nav_00773;5118;3214;5120;3212;River navigation crossing
tapajo;tupinambarana;sea;pp_nav_00778;5084;3211;5082;3209;River navigation crossing
tapajo;urucurituba;sea;pp_nav_00778;5081;3214;5079;3212;River navigation crossing
tappan;manhattan;sea;pp_nav_00436;4327;5699;4329;5697;River navigation crossing
tarrana;giza;sea;pp_nav_00576;9096;5051;9098;5049;River navigation crossing
taungdwingyi;sagu;sea;pp_nav_00689;12018;4456;12016;4454;River navigation crossing
taungdwingyi;thayet;sea;pp_nav_00689;12021;4452;12019;4450;River navigation crossing
tereshka;baronsk;sea;pp_nav_00230;9824;6405;9826;6403;River navigation crossing
tereshka;pokrovsk;sea;pp_nav_00239;9799;6401;9801;6399;River navigation crossing
thanlyin;dala;sea;pp_nav_00694;12071;4275;12069;4273;River navigation crossing
thatta;muhammad_tur;sea;pp_nav_00657;10784;4725;10786;4723;River navigation crossing
thayet;pyay;sea;pp_nav_00690;12020;4405;12022;4403;River navigation crossing
tiel;hertogenbosch;sea;pp_nav_00236;7930;6401;7932;6399;River navigation crossing
titel;sremska_mitrovica;sea;pp_nav_00379;8582;5971;8580;5969;River navigation crossing
tolna;bodrog;sea;pp_nav_00365;8546;6027;8548;6025;River navigation crossing
tomakivka;konski_vody;sea;pp_nav_00329;9289;6129;9291;6129;River navigation crossing
tongling;wuwei;sea;pp_nav_00557;13050;5094;13048;5092;River navigation crossing
tongling;zongyang;sea;pp_nav_00557;13050;5086;13048;5084;River navigation crossing
toniato;kaniatarahontsi;sea;pp_nav_00397;4253;5936;4255;5934;River navigation crossing
tormosin;aksay;sea;pp_nav_00316;9648;6157;9650;6157;River navigation crossing
tormosin;nagavskaya;sea;pp_nav_00328;9640;6142;9642;6140;River navigation crossing
torun;bydgoszcz;sea;pp_nav_00192;8519;6493;8517;6491;River navigation crossing
torun;inowroclaw;sea;pp_nav_00200;8525;6491;8525;6489;River navigation crossing
tournon;valence;sea;pp_nav_00383;7911;5954;7913;5954;River navigation crossing
tulcea;isaccea;sea;pp_nav_00380;9003;5970;9001;5968;River navigation crossing
turnu_magurele;nikopol;sea;pp_nav_00425;8822;5873;8824;5871;River navigation crossing
tybee;wimbee;sea;pp_nav_00531;3996;5175;3998;5175;River navigation crossing
uatuma;urucurituba;sea;pp_nav_00778;5064;3201;5064;3199;River navigation crossing
uftyuga;krasny_bor;sea;pp_nav_00033;9764;7108;9762;7106;River navigation crossing
ugbodu;nnewi;sea;pp_nav_00757;7995;3679;7997;3677;River navigation crossing
ulla;ushachy;sea;pp_nav_00161;9012;6652;9010;6650;River navigation crossing
upper_ob;kargasok;sea;pp_nav_00085;11367;6918;11369;6916;River navigation crossing
ust_sheksna;bolshoye_selo;sea;pp_nav_00099;9448;6851;9446;6849;River navigation crossing
ust_sheksna;kurba;sea;pp_nav_00100;9480;6836;9478;6834;River navigation crossing
ust_tsimla;dubovskoye;sea;pp_nav_00328;9626;6133;9626;6131;River navigation crossing
ust_tsimla;nagavskaya;sea;pp_nav_00328;9636;6138;9638;6136;River navigation crossing
uzes;tarascon;sea;pp_nav_00419;7903;5881;7905;5879;River navigation crossing
valence;viviers;sea;pp_nav_00408;7908;5926;7906;5924;River navigation crossing
varanasi;kantit;sea;pp_nav_00653;11444;4758;11442;4756;River navigation crossing
veesky;bokovskaya;sea;pp_nav_00283;9572;6256;9570;6254;River navigation crossing
veesky;chertkovo;sea;pp_nav_00283;9566;6265;9564;6263;River navigation crossing
veesky;ust_medveditskaya;sea;pp_nav_00285;9609;6256;9611;6254;River navigation crossing
velyka_oleksandrivka;rohat_kermen;sea;pp_nav_00353;9226;6087;9228;6085;River navigation crossing
velyka_oleksandrivka;velyka_lepetykha;sea;pp_nav_00344;9229;6093;9231;6091;River navigation crossing
venlo;roermond;sea;pp_nav_00244;7969;6373;7971;6371;River navigation crossing
verkhny_mamon;boguchar;sea;pp_nav_00273;9514;6290;9512;6288;River navigation crossing
verkhnyaya_toyma;krasny_bor;sea;pp_nav_00031;9746;7133;9744;7131;River navigation crossing
verkhnyaya_toyma;voznesenskoye;sea;pp_nav_00031;9739;7148;9737;7146;River navigation crossing
vienne;tournon;sea;pp_nav_00372;7908;5975;7906;5973;River navigation crossing
villemur;verdun_sur_garonne;sea;pp_nav_00416;7741;5895;7739;5893;River navigation crossing
voikar;pitlyar;sea;pp_nav_00010;10679;7403;10681;7401;River navigation crossing
voskresenskoye;vasilsursk;sea;pp_nav_00136;9793;6713;9795;6711;River navigation crossing
wangjiang;pengze;sea;pp_nav_00583;12997;5032;12999;5030;River navigation crossing
waqua;cherohenaka_nc;sea;pp_nav_00500;4141;5426;4139;5424;River navigation crossing
waqua;pamticough;sea;pp_nav_00500;4135;5429;4133;5427;River navigation crossing
weert;roermond;sea;pp_nav_00253;7959;6361;7961;6359;River navigation crossing
wenshang;jiaxiang;sea;pp_nav_00507;12989;5374;12987;5372;River navigation crossing
wenshang;shouzhang;sea;pp_nav_00503;12986;5380;12984;5378;River navigation crossing
wied;ahrweiler;sea;pp_nav_00264;8023;6322;8021;6320;River navigation crossing
wied;mayen;sea;pp_nav_00264;8026;6316;8024;6314;River navigation crossing
wiesbaden;darmstadt;sea;pp_nav_00277;8071;6284;8073;6282;River navigation crossing
wittenberge;luchow;sea;pp_nav_00198;8207;6491;8205;6489;River navigation crossing
wittenberge;osterburg;sea;pp_nav_00198;8220;6488;8218;6486;River navigation crossing
wolmirstedt;burg;sea;pp_nav_00213;8225;6436;8227;6434;River navigation crossing
wolmirstedt;jerichow;sea;pp_nav_00213;8233;6445;8235;6443;River navigation crossing
wolow;sroda_slaska;sea;pp_nav_00249;8446;6367;8444;6365;River navigation crossing
wuhu;wuwei;sea;pp_nav_00546;13078;5114;13076;5112;River navigation crossing
wujiang_yingtian;jiangning;sea;pp_nav_00539;13085;5143;13087;5141;River navigation crossing
wuwei;fanchang;sea;pp_nav_00546;13060;5100;13062;5098;River navigation crossing
wycombe;windsor;sea;pp_nav_00247;7653;6386;7655;6384;River navigation crossing
xindi;linxiang;sea;pp_nav_00589;12850;5018;12852;5016;River navigation crossing
xindi;puqi;sea;pp_nav_00589;12858;5025;12860;5023;River navigation crossing
yangju;gwangju;sea;pp_nav_00488;13483;5488;13481;5486;River navigation crossing
yangzi;shangyuan;sea;pp_nav_00533;13111;5168;13113;5166;River navigation crossing
yelabuga;zainsk;sea;pp_nav_00152;10039;6667;10041;6665;River navigation crossing
york;pontefract;sea;pp_nav_00184;7637;6556;7635;6554;River navigation crossing
yuryev_povolzhsk;korenevo;sea;pp_nav_00119;9653;6780;9655;6778;River navigation crossing
zakroczym;sochaczew;sea;pp_nav_00219;8620;6446;8622;6444;River navigation crossing
zakroczym;warsaw;sea;pp_nav_00215;8634;6448;8636;6446;River navigation crossing
zenzevatka;bykovo;sea;pp_nav_00281;9742;6247;9744;6247;River navigation crossing
zimnicea;cherven;sea;pp_nav_00422;8860;5872;8862;5870;River navigation crossing
zimnicea;nikopol;sea;pp_nav_00427;8839;5872;8837;5870;River navigation crossing
zimnyatsky;kletskaya;sea;pp_nav_00286;9642;6243;9640;6241;River navigation crossing
zimnyatsky;ust_medveditskaya;sea;pp_nav_00286;9630;6256;9628;6254;River navigation crossing
zoe;curuai;sea;pp_nav_00772;5142;3236;5144;3234;River navigation crossing
zolotonosha;cherkasy;sea;pp_nav_00284;9142;6254;9140;6252;River navigation crossing
zolotonosha;korsun;sea;pp_nav_00284;9139;6258;9137;6256;River navigation crossing
zongyang;guichi;sea;pp_nav_00557;13035;5078;13037;5076;River navigation crossing
angers;saumur;sea;pp_nav_00345;7668;6113;7671;6110;River navigation crossing
bratislava;bruck_leitha;sea;pp_nav_00325;8466;6160;8463;6157;River navigation crossing
bree;maastricht;sea;pp_nav_00253;7951;6347;7954;6347;River navigation crossing
casqui;obion;sea;pp_nav_00502;3612;5398;3615;5398;River navigation crossing
cologne;siegburg;sea;pp_nav_00258;8010;6341;8013;6338;River navigation crossing
cremona;piacenza;sea;pp_nav_00388;8137;5962;8137;5959;River navigation crossing
dagon;dala;sea;pp_nav_00694;12069;4276;12069;4273;River navigation crossing
damanhur;el_mahalla;sea;pp_nav_00548;9090;5089;9093;5089;River navigation crossing
dehua_jiujiang;hukou;sea;pp_nav_00596;12976;5007;12979;5007;River navigation crossing
freistadt;amstetten;sea;pp_nav_00323;8350;6167;8353;6164;River navigation crossing
fuwa;rashid;sea;pp_nav_00548;9081;5111;9078;5108;River navigation crossing
jianli;linxiang;sea;pp_nav_00601;12847;5013;12850;5013;River navigation crossing
kashmore;aror;sea;pp_nav_00610;10863;4941;10866;4941;River navigation crossing
kedainiai;alytus;sea;pp_nav_00170;8768;6621;8768;6618;River navigation crossing
mantes;montmorency;sea;pp_nav_00301;7782;6214;7786;6214;River navigation crossing
memel;fischhausen;sea;pp_nav_00160;8652;6654;8649;6651;River navigation crossing
monselice;rovigo;sea;pp_nav_00387;8233;5965;8233;5962;River navigation crossing
mors;dusseldorf;sea;pp_nav_00251;7995;6376;7998;6373;River navigation crossing
nijmegen;doetinchem;sea;pp_nav_00233;7962;6413;7965;6413;River navigation crossing
ogeechee;wimbee;sea;pp_nav_00524;3985;5189;3988;5189;River navigation crossing
patawomeck;potapoco;sea;pp_nav_00467;4175;5554;4178;5554;River navigation crossing
pina_de_ebro;caspe;sea;pp_nav_00437;7683;5720;7683;5717;River navigation crossing
qollaxalec;taragui;sea;pp_nav_00804;5004;1770;5007;1767;River navigation crossing
sampheak_borak;phnom_santuk;sea;pp_nav_00732;12516;4052;12513;4049;River navigation crossing
selby;grimsby;sea;pp_nav_00187;7667;6536;7670;6533;River navigation crossing
strasbourg;baden;sea;pp_nav_00304;8053;6198;8056;6198;River navigation crossing
surubiu;curuai;sea;pp_nav_00774;5183;3229;5183;3226;River navigation crossing
susong;dehua_jiujiang;sea;pp_nav_00596;12974;5021;12974;5018;River navigation crossing
turnu_magurele;gigen;sea;pp_nav_00425;8820;5873;8820;5870;River navigation crossing
viviers;orange;sea;pp_nav_00408;7902;5910;7905;5907;River navigation crossing
yangzi;dantu;sea;pp_nav_00533;13116;5167;13119;5164;River navigation crossing
andawaohie;wolinak;sea;pp_nav_00360;4412;6057;4412;6053;River navigation crossing
osterburg;jerichow;sea;pp_nav_00204;8234;6475;8240;6473;River navigation crossing
zwolen;urzedow;sea;pp_nav_00250;8682;6355;8686;6355;River navigation crossing
minqing;nanping;sea;pp_nav_00627;13093;4819;13086;4825;River navigation crossing
mohacs;vukovar;sea;pp_nav_00374;8550;5992;8550;5985;River navigation crossing
donge;xucheng;sea;pp_nav_00503;12979;5396;12982;5387;River navigation crossing
yanggu_yanzhou;xucheng;sea;pp_nav_00503;12975;5397;12982;5387;River navigation crossing
shangyuan;dantu;sea;pp_nav_00533;13114;5165;13129;5165;River navigation crossing
